delete?,ROOT,ROOT+DIM,unique,UPPER,Italian lemma,Italian stem form,singular affix,pl affix,class,grammatical gender,animate?,feminine?
,accent,accent,accentomasc,ACCENT,accento,accent,o,i,II,masc,,
,LIT,LIT,acceso,,acceso,acces,,,,,,
,water,water,acquafem,WATER,acqua,acqu,a,e,I,fem,,
,decoration,decoration,addobbomasc,DECORATION,addobbo,addobb,o,i,II,masc,,
,aeroplane,aeroplane,aereomasc,AEROPLANE,aereo,aere,o,i,II,masc,,
,airplane,airplane,aeroplanomasc,AIRPLANE,aeroplano,aeroplan,o,i,II,masc,,
,airplane,airplane.DIM,aeroplano-DIMmasc,AIRPLANE.DIM,aeroplano-DIM,aeroplanin,o,i,II,masc,,
,APHID,APHID,afidefem,APHID,afide,afid,e,i,III,fem,ANIM,
,afterpick,afterpick,afterpickmasc,AFTERPICK,afterpick,afterpick,-ø,,VI,masc,,
,NEEDLE,NEEDLE,agomasc,NEEDLE,ago,ag,o,,II,masc,,
,hostel,hostel,albergomasc,HOSTEL,albergo,alberg,o,,II,masc,,
,tree,tree,alberomasc,TREE,albero,alber,o,,II,masc,,
,tree,tree.DIM,albero-DIMmasc,TREE.DIM,albero-DIM,alberell,o,i,II,masc,,
,lark,lark,allodolafem,LARK,allodola,allodol,a,,I,fem,ANIM,
,TALL,TALL,alto,,alto,alt,,,,,,
,friend,friend,amicafem,FRIEND,amica,amic,a,e,I,fem,ANIM,+FEM
,friend,friend,,FRIEND,amiche,amich,a,e,I,fem,ANIM,+FEM
,friend,friend,amicomasc,FRIEND,amico,amic,o,,II,masc,ANIM,-FEM
,movement,movement,andirivienimasc,MOVEMENT,andirivieni,andirivieni,-ø,-ø,VI,masc,,
,ring,ring,anellomasc,RING,anello,anell,o,,II,masc,,
,animal,animal,animalemasc,ANIMAL,animale,animal,e,,III,masc,ANIM,
,animal,animal.DIM,animale-DIMmasc,ANIMAL.DIM,animale-DIM,animalett,o,i,II,masc,ANIM,
,YEAR,YEAR,annomasc,YEAR,anno,ann,o,,II,masc,,
,ANTENNA,ANTENNA,antennafem,ANTENNA,antenna,antenn,a,,I,fem,,
,front,front,anteriore,,anteriore,anterior,,,,,,
,antislip,antislip,antiscivolomasc,ANTISLIP,antiscivolo,antiscivol,o,,II,masc,,
,BEE,BEE,apemasc,BEE,ape,ap,e,,III,masc,ANIM,
,OPEN,OPEN,aperto,,aperto,apert,,,,,,
,proper,proper,apposito,,apposito,apposit,,,,,,
,ORANGE,ORANGE,aranciafem,ORANGE,arancia,aranci,a,,I,fem,,
delete,orange,orange.SUPER,aranci-SUPERmasc,,aranci-SUPER,arancion,TBD,,,masc,,
,ORANGE,ORANGE,arancione,,arancione,arancion,,,,,,
,BOW,BOW,arcomasc,BOW,arco,arc,o,,II,masc,,
,AIR,AIR,ariafem,AIR,aria,ari,a,,I,fem,,
,donkey,donkey.DIM,asino-DIMmasc,DONKEY.DIM,asino-DIM,asinell,o,i,II,masc,ANIM,
,buttonhole,buttonhole,asolafem,BUTTONHOLE,asola,asol,a,,I,fem,,
,asparagus,asparagus,asparagomasc,ASPARAGUS,asparago,asparag,o,,II,masc,,
,ace,ace,assomasc,ACE,asso,ass,o,,II,masc,,
,pole,pole,astafem,POLE,asta,ast,a,,I,fem,,
,MOMENT,MOMENT,attimomasc,MOMENT,attimo,attim,o,,II,masc,,
,MOMENT,MOMENT.DIM,attimo-DIMmasc,MOMENT.DIM,attimo-DIM,attimin,o,i,II,masc,,
,act,act,attomasc,ACT,atto,attacc,o,,II,masc,,
,wish,wish,auguriomasc,WISH,augurio,augur,o,,II,masc,,
,car,car,automasc,CAR,auto,aut,o,,II,masc,,
,AUTOMOBILE,AUTOMOBILE,automobilefem,AUTOMOBILE,automobile,automobil,e,,III,fem,,
,AUTOMOBILE,AUTOMOBILE.DIM,automobile-DIMfem,AUTOMOBILE.DIM,automobile-DIM,automobilin,a,e,I,fem,,
,BUMPERCAR,BUMPERCAR,autoscontromasc,BUMPERCAR,autoscontro,autoscontr,o,,II,masc,,
,AUTUMN,AUTUMN,autunnomasc,AUTUMN,autunno,autunn,o,,II,masc,,
,event,event,avvenimentomasc,EVENT,avvenimento,avveniment,o,,II,masc,,
,adventure,adventure,avventurafem,ADVENTURE,avventura,avventur,a,,I,fem,,
,azure,azure,azzurro,,azzurro,azzurr,,,,,,
,FATHER,FATHER,babbomasc,FATHER,babbo,babb,o,,II,masc,,
,WAND,WAND,bacchettafem,WAND,bacchetta,bacchett,a,,I,fem,,
,kiss,kiss.DIM,bacio-DIMmasc,KISS.DIM,bacio-DIM,bacin,o,i,II,masc,,
,luggage_cart,luggage_cart,bagagliaiomasc,LUGGAGE_CART,bagagliaio,bagagliai,o,,II,masc,,
,BATH,BATH,bagnomasc,BATH,bagno,bagn,o,,II,masc,,
,BATH,BATH.DIM,bagno-DIMmasc,BATH.DIM,bagno-DIM,bagnett,o,i,II,masc,,
,whale,whale,balenafem,WHALE,balena,balen,a,,I,fem,ANIM,
,dancer,dancer,ballerinomasc,DANCER,ballerino,ballerin,o,,II,masc,ANIM,?
,DANCE,DANCE,ballomasc,DANCE,ballo,ball,o,,II,masc,,
,BAMBINO,BAMBINO,bambinofem,BAMBINO,bambino,bambin,a,e,I,fem,ANIM,+FEM
,BAMBINO,BAMBINO,bambinomasc,BAMBINO,bambino,bambin,o,i,II,masc,ANIM,-FEM
,BANANA,BANANA,bananafem,BANANA,banana,banan,a,,I,fem,,
,BANK,BANK,bancafem,BANK,banca,banc,a,,I,fem,,
,banquet,banquet,banchettomasc,BANQUET,banchetto,banchett,o,,II,masc,,
,band,band,bandafem,BAND,banda,band,a,,I,fem,?,
,FLAG,FLAG,bandierafem,FLAG,bandiera,bandier,a,,I,fem,,
,FLAG,FLAG.DIM,bandiera-DIMfem,FLAG.DIM,bandiera-DIM,bandierin,a,e,I,fem,,
,barracks,barracks,baracchinomasc,BARRACKS,baracchino,baracchin,o,,II,masc,,
,beard,beard,barbafem,BEARD,barba,barb,a,,I,fem,,
,BOAT,BOAT,barcafem,BOAT,barca,barc,a,,I,fem,,
,harnessing,harnessing,bardamentomasc,HARNESSING,bardamento,bardament,o,,II,masc,,
,base,base,basefem,BASE,base,base,-ø,,VI,fem,,
,STICK,STICK,bastonemasc,STICK,bastone,baston,e,,III,masc,,
,STICK,STICK.DIM,bastone-DIMmasc,STICK.DIM,bastone-DIM,bastoncin,o,i,II,masc,,
,battle,battle,battagliafem,BATTLE,battaglia,battagli,a,,I,fem,,
,drums,drums,batteriafem,DRUMS,batteria,batteri,a,,I,fem,,
,carpet_beater,carpet_beater,battipannimasc,CARPET_BEATER,battipanni,battipanni,-ø,,VI,masc,,
,BIB,BIB,bavaglinomasc,BIB,bavaglino,bavaglin,o,,II,masc,,
,NICE,NICE,bello,,bello,bell,,,,,,
,petrol,petrol,benzinafem,PETROL,benzina,benzin,a,,I,fem,,
,cap,cap,berrettomasc,CAP,berretto,berrett,o,,II,masc,,
,cap,cap.DIM,berretto-DIMmasc,CAP.DIM,berretto-DIM,berrettin,o,i,II,masc,,
,beast,beast,bestiafem,BEAST,bestia,besti,a,,I,fem,ANIM,
,beast,beast.DIM,bestia-DIMfem,BEAST.DIM,bestia-DIM,bestiolin,a,e,I,fem,ANIM,
,white,white,bianco,,bianco,bianch,,,,,,
,white,white,bianco,,bianco,bianc,,,,,,
,BABYBOTTLE,BABYBOTTLE,biberonmasc,BABYBOTTLE,biberon,biberon,-ø,,VI,masc,,
,DRINKINGGLASS,DRINKINGGLASS,bicchieremasc,DRINKINGGLASS,bicchiere,bicchier,e,,III,masc,,
,BIKE,BIKE,bicimasc,BIKE,bici,bici,-ø,,VI,masc,,
,BICYCLE,BICYCLE,biciclettafem,BICYCLE,bicicletta,biciclett,a,,I,fem,,
,caretaker,caretaker,bidellomasc,CARETAKER,bidello,bidell,o,,II,masc,,
,drum,drum,bidonemasc,DRUM,bidone,bidon,e,,III,masc,,
,TICKET,TICKET,bigliettomasc,TICKET,biglietto,bigliett,o,,II,masc,,
,BABY,BABY,bimbofem,BABY,bimbo,bimb,a,e,I,fem,ANIM,
,BABY,BABY,bimbomasc,BABY,bimbo,bimb,o,i,II,masc,ANIM,
delete,,,bimbomasc,,bimbo,bimbi,o,,II,masc,ANIM,
,rascal,rascal,birbafem,RASCAL,birba,birb,a,,I,fem,ANIM,both?
,ROGUE,ROGUE,birbantemasc,ROGUE,birbante,birbant,e,,III,masc,,
,cheeky,cheeky,,,birichino,birichin,,,,,,
,NINEPIN,NINEPIN,birillomasc,NINEPIN,birillo,birill,o,,II,masc,,
,snake,snake,bisciafem,SNAKE,biscia,bisci,a,,I,fem,ANIM,
,BISCUIT,BISCUIT,biscottomasc,BISCUIT,biscotto,biscott,o,,II,masc,,
,BISCUIT,BISCUIT.DIM,biscotto-DIMmasc,BISCUIT.DIM,biscotto-DIM,biscottin,o,i,II,masc,,
,bison,bison,bisontemasc,BISON,bisonte,bisont,e,,III,masc,ANIM,
,blitz,blitz,blitzmasc,BLITZ,blitz,blitz,-ø,,VI,masc,,
,blue,blue,,,blu,blu,,,,,,
,MOUTH,MOUTH,boccafem,MOUTH,bocca,bocc,a,,I,fem,,
,BILL,BILL,bollettafem,BILL,bolletta,bollett,a,,I,fem,,
,aerosol,aerosol,bombolettafem,AEROSOL,bomboletta,bombolett,a,e,I,fem,,
,HANDBAG,HANDBAG.DIM,borsa-DIM-DIMfem,HANDBAG.DIM,borsa-DIM-DIM,borsettin,a,e,I,fem,,
,WOODS,WOODS,boscomasc,WOODS,bosco,bosc,o,,II,masc,,
,blow,blow,bottafem,BLOW,botta,bott,a,,I,fem,,
delete,BARREL,BARREL,bottemasc,,botte,bott,e,,III,masc,,
,BOTTLE,BOTTLE,bottigliafem,BOTTLE,bottiglia,bottigli,a,,I,fem,,
delete,,,bottigliafem,,bottiglia,<bottiglia,a,,I,fem,,
,button,button,bottonemasc,BUTTON,bottone,botton,e,,III,masc,,
,button,button.DIM,bottone-DIMmasc,BUTTON.DIM,bottone-DIM,bottoncin,o,i,II,masc,,
,garage,garage,boxmasc,GARAGE,box,box,-ø,,VI,masc,,
,arms,arms,bracciomasc,ARMS,braccio,bracci,o,,II,masc,,
,BRAV,BRAV,,,bravo,brav,,,,,,
,crumb,crumb.DIM,briciola-DIMfem,CRUMB.DIM,briciola-DIM,briciolin,a,e,I,fem,,
delete,UGGO,UGGO,bruttofem,,brutto,brutt,a,e,I,fem,,
,UGGO,UGGO,bruttomasc,UGGO,brutto,brutt,o,i,II,masc,,
,hole,hole,bucafem,HOLE,buca,buc,a,,I,fem,,
,peel,peel,bucciafem,PEEL,buccia,bucci,a,,I,fem,,
,hole,hole,bucomasc,HOLE,buco,buc,o,,II,masc,,
,hole,hole.DIM,buco-DIMmasc,HOLE.DIM,buco-DIM,buchett,o,i,II,masc,,
,PUDDING,PUDDING,budinomasc,PUDDING,budino,budin,o,,II,masc,,
,DARKNESS,DARKNESS,buiomasc,DARKNESS,buio,bui,o,,II,masc,,
,bulldog,bulldog,bulldogmasc,BULLDOG,bulldog,bulldog,-ø,,VI,masc,ANIM,
,good,good,,,buono,buon,,,,,,
,bus,bus,busmasc,BUS,bus,bus,-ø,,VI,masc,,
,shit,shit,caccafem,SHIT,cacca,cacc,a,,I,fem,,
delete,,,cacciafem,,caccia,cacci,a,,I,fem,,
,hunter,hunter,cacciatoremasc,HUNTER,cacciatore,cacciator,e,,III,masc,,
,dog,dog.DIM,cagno-DIMmasc,DOG.DIM,cagno-DIM,cagnolin,o,i,II,masc,,
,,,calciomasc,,calcio,calci,o,,II,masc,,
,,,calciomasc,,calcio,calcion,o,,II,masc,,
,,,calciomasc,,calcio,calc,o,,II,masc,,
,,,calciomasc,,calcio,calcio,-ø,,VI,masc,,
,hot,hot,,,caldo,cald,,,,,,
,calendar,calendar,calendariomasc,CALENDAR,calendario,calendar,o,,II,masc,,
,calendar,calendar,calendariomasc,CALENDAR,calendario,calendari,o,,II,masc,,
,sock,sock,calzafem,SOCK,calza,calz,a,e,I,fem,,
,sock,sock.DIM,calza-DIMfem,SOCK.DIM,calza-DIM,calzett,a,e,I,fem,,
,,,calzettomasc,,calzetto,calzett,o,,II,masc,,
,trousers,trousers,calzonimasc,TROUSERS,calzoni,calzoni,-ø,,VI,masc,,
,SHIRT,SHIRT,camiciafem,SHIRT,camicia,camici,a,,I,fem,,
,fireplace,fireplace,caminomasc,FIREPLACE,camino,camin,o,,II,masc,,
,TRUCK,TRUCK,camionmasc,TRUCK,camion,camion,-ø,-ø,VI,masc,,
,CAMEL,CAMEL,cammellomasc,CAMEL,cammello,cammell,o,i,II,masc,ANIM,
,BELL,BELL,campanafem,BELL,campana,campan,a,e,I,fem,,
,champion,champion,campionemasc,CHAMPION,campione,campion,e,,III,masc,,
,field,field,campomasc,FIELD,campo,camp,o,,II,masc,,
,canary,canary,canarinomasc,CANARY,canarino,canarin,o,,II,masc,ANIM,
,CANDLE,CANDLE,candelafem,CANDLE,candela,candel,a,e,I,fem,,
,CANDLE,CANDLE.DIM,candela-DIMfem,CANDLE.DIM,candela-DIM,candelin,a,e,I,fem,,
,dog,dog,canemasc,DOG,cane,can,e,i,III,masc,ANIM,
,basket,basket,canestromasc,BASKET,canestro,canestr,o,,II,masc,,
,basket,basket,canestromasc,BASKET,canestro,canestro+/,o,,II,masc,,
,kangaroo,kangaroo,canguromasc,KANGAROO,canguro,cangur,o,,II,masc,ANIM,
,CANE,CANE,cannafem,CANE,canna,cann,a,,I,fem,,
,singlet,singlet,canottierafem,SINGLET,canottiera,canottier,a,,I,fem,,
,song,song,canzonefem,SONG,canzone,canzon,e,,III,fem,,
,song,song.DIM,canzone-DIMfem,SONG.DIM,canzone-DIM,canzoncin,a,e,I,fem,,
,hut,hut,capannafem,HUT,capanna,capann,a,,I,fem,,
,HAIR,HAIR,capellomasc,HAIR,capello,capell,o,i,II,masc,,
,dizziness,dizziness,capogiromasc,DIZZINESS,capogiro,capogir,o,,II,masc,,
,HAT,HAT,cappellomasc,HAT,cappello,cappell,o,,II,masc,,
,GOAT,GOAT.DIM,capra-DIMfem,GOAT.DIM,capra-DIM,caprett,a,e,I,fem,ANIM,+FEM
,GOAT,GOAT.DIM,capra-DIMmasc,GOAT.DIM,capra-DIM,caprett,o,i,II,masc,ANIM,-FEM
,whim,whim,capricciomasc,WHIM,capriccio,capricc,o,,II,masc,,
,somersault,somersault,capriolafem,SOMERSAULT,capriola,capriol,a,,I,fem,,
,CANDY,CANDY,caramellafem,CANDY,caramella,caramell,a,,I,fem,,
,goldfinch,goldfinch,cardellinomasc,GOLDFINCH,cardellino,cardellin,o,,II,masc,ANIM,
,music_box,music_box,carillonmasc,MUSIC_BOX,carillon,carillon,-ø,,VI,masc,,
,MEAT,MEAT,carnefem,MEAT,carne,carn,e,i,III,fem,,
,CARROT,CARROT,carotafem,CARROT,carota,carot,a,e,I,fem,,
,trolley,trolley,carrellomasc,TROLLEY,carrello,carrell,o,,II,masc,,
,barrow,barrow,carriolafem,BARROW,carriola,carriol,a,,I,fem,,
,coach,coach,carrozzafem,COACH,carrozza,carrozz,a,,I,fem,,
,paper,paper,cartafem,PAPER,carta,cart,a,e,I,fem,,
,paper,paper.DIM,carta-DIMfem,PAPER.DIM,carta-DIM,cartin,a,e,I,fem,,
,pasteboard,pasteboard,cartoncinomasc,PASTEBOARD,cartoncino,cartoncin,o,,II,masc,,
,HOUSE,HOUSE,casafem,HOUSE,casa,cas,a,e,I,fem,,
,HOUSE,HOUSE.DIM,casa-DIMfem,HOUSE.DIM,casa-DIM,casett,a,e,I,fem,,
,till,till,cassafem,TILL,cassa,cass,a,,I,fem,,
,till,till.DIM,cassa-DIMfem,TILL.DIM,cassa-DIM,cassett,TBD,,,fem,,
,cassette,cassette,cassettafem,CASSETTE,cassetta,cassett,a,,I,fem,,
,drawers,drawers,cassettierafem,DRAWERS,cassettiera,cassettier,a,,I,fem,,
,DRAWER,DRAWER,cassettomasc,DRAWER,cassetto,cassett,o,i,II,masc,,
,DRAWER,DRAWER.DIM,cassetto-DIMmasc,DRAWER.DIM,cassetto-DIM,cassettin,TBD,,,masc,,
delete,,,castellomasc,,castello,<castello,o,,II,masc,,
,CASTLE,CASTLE,castellomasc,CASTLE,castello,castell,o,,II,masc,,
,beaver,beaver,castoromasc,BEAVER,castoro,castor,o,i,II,masc,ANIM,
,beaver,beaver.DIM,castoro-DIMmasc,BEAVER.DIM,castoro-DIM,castorin,o,i,II,masc,ANIM,
,chain,chain,catenafem,CHAIN,catena,caten,a,,I,fem,,
,BAD,BAD,,,cattivo,cattiv,,,,,,
,horse,horse,cavallomasc,HORSE,cavallo,cavall,o,,II,masc,ANIM,
,HORSEY,HORSEY,cavallo-AUGmasc,HORSEY,cavallo-AUG,cavallucci,o,i,II,masc,ANIM,
,horse,horse.DIM,cavallo-DIMmasc,HORSE.DIM,cavallo-DIM,cavallin,o,i,II,masc,ANIM,
,cabbage,cabbage.DIM,cavolo-DIMmasc,CABBAGE.DIM,cavolo-DIM,cavolett,o,i,II,masc,,
,DINNER,DINNER,cenafem,DINNER,cena,cen,a,e,I,fem,,
,peashooter,peashooter,cerbottanafem,PEASHOOTER,cerbottana,cerbottan,a,,I,fem,,
,ring,ring,cerchiomasc,RING,cerchio,cerchi,o,,II,masc,,
,ring,ring,cerchiomasc,RING,cerchio,cerch,o,,II,masc,,
,BRAIN,BRAIN,cervellomasc,BRAIN,cervello,cervell,o,i/a,II,masc,,
,stag,stag,cervomasc,STAG,cervo,cerv,o,,II,masc,ANIM,
,hamper,hamper,cestafem,HAMPER,cesta,cest,a,,I,fem,,
,basketball_player,basketball_player,cestistamasc,BASKETBALL_PLAYER,cestista,cestist,a,i,IV,masc,ANIM,?
,TRASHCAN,TRASHCAN.DIM,cesto-DIMmasc,TRASHCAN.DIM,cesto-DIM,cestin,o,i,II,masc,,
delete,key,key,chiavefem,,chiave,chiave,-ø,,VI,fem,,
,key,key,chiavefem,KEY,chiave,chiav,e,i,III,fem,,
,key,key.DIM,chiave-DIMfem,KEY.DIM,chiave-DIM,chiavett,a,e,I,fem,,
,corn,corn,chiccomasc,CORN,chicco,chicch,o,i,II,masc,,
,corn,corn,chiccomasc,CORN,chicco,chicc,o,i,II,masc,,
,snail,snail,chiocciolafem,SNAIL,chiocciola,chiocciol,a,,I,fem,ANIM,
,NAIL,NAIL.DIM,chiodo-DIMmasc,NAIL.DIM,chiodo-DIM,chiodin,o,i,II,masc,,
,guitar,guitar,chitarrafem,GUITAR,chitarra,chitarr,a,,I,fem,,
,SLIPPER,SLIPPER,ciabattafem,SLIPPER,ciabatta,ciabatt,a,e,I,fem,,
,SLIPPER,SLIPPER.DIM,ciabatta-DIMfem,SLIPPER.DIM,ciabatta-DIM,ciabattin,a,e,I,fem,,
,stork,stork,cicognafem,STORK,cicogna,cicogn,a,,I,fem,ANIM,
,swan,swan,cignomasc,SWAN,cigno,cign,o,,II,masc,ANIM,
,cherry,cherry,ciliegiafem,CHERRY,ciliegia,ciliegi,a,,I,fem,,
,cylinder,cylinder,cilindromasc,CYLINDER,cilindro,cilindr,o,,II,masc,,
,wild_boar,wild_boar,cinghialemasc,WILD_BOAR,cinghiale,cinghial,e,,III,masc,ANIM,
,CITY,CITY,cittàfem,CITY,città,città,-ø,-ø,VI,fem,,
,suck,suck.DIM,ciucciata-DIMfem,SUCK.DIM,ciucciata-DIM,ciucciatin,a,,I,fem,,
,dummy,dummy,ciucciomasc,DUMMY,ciuccio,ciucci,o,,II,masc,,
,owl,owl,civettafem,OWL,civetta,civett,a,,I,fem,ANIM,
,ladybird,ladybird,coccinellafem,LADYBIRD,coccinella,coccinell,a,,I,fem,ANIM,
,coconut,coconut,coccomasc,COCONUT,cocco,cocc,o,,II,masc,,
,CROCODILE,CROCODILE,coccodrillomasc,CROCODILE,coccodrillo,coccodrill,o,i,II,masc,ANIM,
,cocktail,cocktail,cocktailmasc,COCKTAIL,cocktail,cocktail,-ø,,VI,masc,,
,TAIL,TAIL,codafem,TAIL,coda,cod,a,,I,fem,,
,TAIL,TAIL.DIM,coda-DIMfem,TAIL.DIM,coda-DIM,codin,a,e,I,fem,,
,collar,collar,collaremasc,COLLAR,collare,collar,e,,III,masc,,
,collection,collection,collezionefem,COLLECTION,collezione,collezione,-ø,,VI,fem,,
,NECK,NECK,collomasc,NECK,collo,coll,o,,II,masc,,
,NECK,NECK.DIM,collo-DIMmasc,NECK.DIM,collo-DIM,collett,o,i,II,masc,,
,pigeon,pigeon,colombomasc,PIGEON,colombo,colomb,o,,II,masc,ANIM,
,column,column,colonnafem,COLUMN,colonna,colonn,a,,I,fem,,
,COLOR,COLOR,coloremasc,COLOR,colore,color,e,,III,masc,,
,KNIFE,KNIFE,coltellomasc,KNIFE,coltello,coltell,o,i,II,masc,,
,fight,fight,combattimentomasc,FIGHT,combattimento,combattiment,o,,II,masc,,
,combination,combination,combinazionefem,COMBINATION,combinazione,combinazion,e,i,III,fem,,
,BIRTHDAY,BIRTHDAY,compleannomasc,BIRTHDAY,compleanno,compleann,o,i,II,masc,,
,concept,concept,concettomasc,CONCEPT,concetto,concett,o,,II,masc,,
,shell,shell,conchigliafem,SHELL,conchiglia,conchigli,a,,I,fem,,
,rabbit,rabbit,conigliomasc,RABBIT,coniglio,conigli,o,,II,masc,ANIM,
,rabbit,rabbit,conigliomasc,RABBIT,coniglio,conigl,o,,II,masc,ANIM,
,rabbit,rabbit.DIM,coniglio-DIMmasc,RABBIT.DIM,coniglio-DIM,conigliett,TBD,,,masc,ANIM,
,contour,contour,contornomasc,CONTOUR,contorno,contorn,o,,II,masc,,
,lid,lid,coperchiomasc,LID,coperchio,coperchi,o,,II,masc,,
,,,copertafem,,coperta,copert,a,,I,fem,,
,,.DIM,coperta-DIMfem,.DIM,coperta-DIM,copertin,TBD,,,fem,,
,sofa_cover,sofa_cover,copridivanomasc,SOFA_COVER,copridivano,copridivan,o,,II,masc,,
,,,cordafem,,corda,cord,a,,I,fem,,
,thin_cord,thin_cord,cordinomasc,THIN_CORD,cordino,cordin,o,,II,masc,,
,confetti,confetti,coriandolomasc,CONFETTI,coriandolo,coriandol,o,,II,masc,,
,cuckold,cuckold,cornafem,CUCKOLD,corna,corn,a,,I,fem,?,
,cuckold,cuckold.DIM,corna-DIMfem,CUCKOLD.DIM,corna-DIM,cornett,TBD,,,fem,?,
,receiver,receiver,cornettafem,RECEIVER,cornetta,cornett,a,,I,fem,,
,horn,horn,cornomasc,HORN,corno,corn,o,,II,masc,,
,crown,crown,coronafem,CROWN,corona,coron,a,,I,fem,,
,crown,crown.DIM,corona-DIMfem,CROWN.DIM,corona-DIM,coroncin,TBD,,,fem,,
,body,body,corpomasc,BODY,corpo,corp,o,,II,masc,,
,,,corridoiomasc,,corridoio,corridoi,o,,II,masc,,
,,,corsafem,,corsa,cors,a,,I,fem,,
,,.DIM,corsa-DIMfem,.DIM,corsa-DIM,corsett,TBD,,,fem,,
,,,corsomasc,,corso,cors,o,,II,masc,,
,SHORT,SHORT,,,corto,cort,,,,,,
,crow,crow,corvomasc,CROW,corvo,corv,o,,II,masc,ANIM,
,,,cosafem,,cosa,cos,a,,I,fem,,
,whatsit,whatsit,cosomasc,WHATSIT,coso,cos,o,,II,masc,,
,construction,construction,costruzionefem,CONSTRUCTION,costruzione,costruzione,-ø,,VI,fem,,
,construction,construction,costruzionefem,CONSTRUCTION,costruzione,costruzion,e,,III,fem,,
,sheaf,sheaf,covonemasc,SHEAF,covone,covon,e,,III,masc,,
,crest,crest,crestafem,CREST,cresta,crest,a,,I,fem,,
,hamster,hamster,cricetomasc,HAMSTER,criceto,cricet,o,,II,masc,ANIM,
,,,crocemasc,,croce,croc,e,,III,masc,,
,,,cubomasc,,cubo,cub,o,,II,masc,,
,teaspoon,teaspoon,cucchiainomasc,TEASPOON,cucchiaino,cucchiain,o,,II,masc,,
,pup,pup,cucciolomasc,PUP,cucciolo,cucciol,o,,II,masc,ANIM,
,pup,pup.DIM,cucciolo-DIMmasc,PUP.DIM,cucciolo-DIM,cucciolott,TBD,,,masc,ANIM,
,cuckoo,cuckoo,cucùmasc,CUCKOO,cucù,cucù,-ø,,VI,masc,ANIM,
,,,cuginafem,,cugina,cugin,a,,I,fem,,
,,,culturafem,,cultura,cultur,a,,I,fem,,
,curiosity,curiosity,curiositàfem,CURIOSITY,curiosità,curiosità,-ø,,VI,fem,,
,curve,curve,curvafem,CURVE,curva,curv,a,,I,fem,,
,keeper,keeper,custodemasc,KEEPER,custode,custod,e,,III,masc,,
,custody,custody,custodiafem,CUSTODY,custodia,custodi,a,,I,fem,,
,FINGER,FINGER,dadomasc,FINGER,dado,dad,o,,II,masc,,
,decent,decent,,,decente,decent,,,,,,
,dolphin,dolphin,delfinomasc,DOLPHIN,delfino,delfin,o,,II,masc,ANIM,
,tooth,tooth,dentemasc,TOOTH,dente,dent,e,,III,masc,,
,,,differenzafem,,differenza,differenz,a,,I,fem,,
,DIFFICULT,DIFFICULT,,,difficile,difficil,,,,,,
,demonstration,demonstration,dimostrazionefem,DEMONSTRATION,dimostrazione,dimostrazione,-ø,,VI,fem,,
,dinosaur,dinosaur,dinosauromasc,DINOSAUR,dinosauro,dinosaur,o,,II,masc,ANIM,
,disgrace,disgrace,disastromasc,DISGRACE,disastro,disastr,o,,II,masc,,
,diskette,diskette,dischettomasc,DISKETTE,dischetto,dischett,o,,II,masc,,
,disk,disk,discomasc,DISK,disco,disc,o,,II,masc,,
,,,disegnomasc,,disegno,disegn,o,,II,masc,,
,finger,finger,ditomasc,FINGER,dito,dit,o,,II,masc,,
,fingers,fingers,ditomasc,FINGERS,dito,dit,o,,II,masc,,
,finger,finger.DIM,dito-DIMmasc,FINGER.DIM,dito-DIM,ditin,TBD,,,masc,,
,wandering,wandering,divagazionefem,WANDERING,divagazione,divagazione,-ø,,VI,fem,,
,,,divanomasc,,divano,divan,o,,II,masc,,
,DIFFERENT,DIFFERENT,,,diverso,divers,,,,,,
,,,docciafem,,doccia,docci,a,,I,fem,,
,document,document,documentomasc,DOCUMENT,documento,document,o,,II,masc,,
,,,dolcemasc,,dolce,dolc,e,,III,masc,,
,,.DIM,dolce-DIMmasc,.DIM,dolce-DIM,dolcett,TBD,,,masc,,
,,,domandafem,,domanda,domand,a,,I,fem,,
,,,dondolomasc,,dondolo,dondol,o,,II,masc,,
,double,double,,,doppio,doppi,,,,,,
,doctoress,doctoress,dottoressafem,DOCTORESS,dottoressa,dottoress,a,,I,fem,ANIM,+FEM
,dragon,dragon.DIM,drago-DIMmasc,DRAGON.DIM,drago-DIM,draghett,TBD,,,masc,ANIM,
,straight,straight,,,dritto,dritt,,,,,,
,dromedary,dromedary,dromedariomasc,DROMEDARY,dromedario,dromedari,o,,II,masc,ANIM,
,duel,duel,duellomasc,DUEL,duello,duell,o,,II,masc,,
,,,elasticomasc,,elastico,elastic,o,,II,masc,,
,,,elefantemasc,,elefante,elefant,e,,III,masc,,
,,.DIM,elefante-DIMmasc,.DIM,elefante-DIM,elefantin,TBD,,,masc,,
,helix,helix,elicafem,HELIX,elica,elic,a,,I,fem,,
,,,elicotteromasc,,elicottero,elicotter,o,,II,masc,,
,hepatitis,hepatitis,epatitefem,HEPATITIS,epatite,epatite,-ø,,VI,fem,,
,,,erbafem,,erba,erb,a,,I,fem,,
,,,esempiomasc,,esempio,esempi,o,,II,masc,,
,,,esperienzafem,,esperienza,esperienz,a,,I,fem,,
,,,espressionefem,,espressione,espressione,-ø,,VI,fem,,
,,,estatemasc,,estate,estat,e,,III,masc,,
,label,label,etichettafem,LABEL,etichetta,etichett,a,,I,fem,,
,,,facciafem,,faccia,facci,a,,I,fem,,
,bundle,bundle.DIM,fagotto-DIMmasc,BUNDLE.DIM,fagotto-DIM,fagottin,TBD,,,masc,,
,mower,mower,falciatricefem,MOWER,falciatrice,falciatrice,-ø,,VI,fem,,
,family,family,famigliafem,FAMILY,famiglia,famigli,a,,I,fem,,
,ghost,ghost,fantasmamasc,GHOST,fantasma,fantasma,-ø,,VI,masc,ANIM,
,ghost,ghost.DIM,fantasma-DIMmasc,GHOST.DIM,fantasma-DIM,fantasmin,TBD,,,masc,ANIM,
,fanciful,fanciful,,,fantastico,fantastic,,,,,,
,jack,jack,fantemasc,JACK,fante,fant,e,,III,masc,,
,,,farfallafem,,farfalla,farfall,a,,I,fem,,
,pharmacy,pharmacy,farmaciafem,PHARMACY,farmacia,farmaci,a,,I,fem,,
,lighthouse,lighthouse,faromasc,LIGHTHOUSE,faro,far,o,,II,masc,,
,changing_table,changing_table,fasciatoiomasc,CHANGING_TABLE,fasciatoio,fasciatoi,o,,II,masc,,
,phase,phase,fasefem,PHASE,fase,fase,-ø,,VI,fem,,
,fairy,fairy,fatafem,FAIRY,fata,fat,a,,I,fem,ANIM,
,farm,farm,fattoriafem,FARM,fattoria,fattori,a,,I,fem,,
,,,fazzolettomasc,,fazzoletto,fazzolett,o,,II,masc,,
,,.DIM,fazzoletto-DIMmasc,.DIM,fazzoletto-DIM,fazzolettin,TBD,,,masc,,
,female,female,femminafem,FEMALE,femmina,femminucci,a,,I,fem,ANIM,+FEM
,flamingo,flamingo,fenicotteromasc,FLAMINGO,fenicottero,fenicotter,o,,II,masc,ANIM,
,STILL,STILL,,,fermo,ferm,,,,,,
,ferocious,ferocious,,,feroce,feroc,,,,,,
,,,festafem,,festa,fest,a,,I,fem,,
,festoon,festoon,festonemasc,FESTOON,festone,feston,e,,III,masc,,
,breathlessness,breathlessness,fiatonemasc,BREATHLESSNESS,fiatone,fiaton,e,,III,masc,,
,hay,hay,fienomasc,HAY,fieno,fien,o,,II,masc,,
,,,fierafem,,fiera,fier,a,,I,fem,,
,daughter,daughter,figliafem,DAUGHTER,figlia,figli,a,,I,fem,ANIM,+FEM
,son,son,figliomasc,SON,figlio,figli,o,,II,masc,,
,son,son,figliomasc,SON,figlio,figl,o,,II,masc,,
,son,son.DIM,figlio-DIMmasc,SON.DIM,figlio-DIM,figliolett,TBD,,,masc,,
,,,figurafem,,figura,figur,a,,I,fem,,
,row,row,filafem,ROW,fila,fil,a,,I,fem,,
,stringy,stringy,,,filante,filant,,,,,,
,nursery_rhyme,nursery_rhyme,filastroccafem,NURSERY_RHYME,filastrocca,filastrocc,a,,I,fem,,
,,,filomasc,,filo,fil,o,,II,masc,,
,end,end,finefem,END,fine,fine,-ø,,VI,fem,,
,window,window,finestrafem,WINDOW,finestra,finestr,a,,I,fem,,
,window,window,finestrinomasc,WINDOW,finestrino,finestrin,o,,II,masc,,
,FINE,FINE,,,fino,fin,,,,,,
,FAKE,FAKE,,,finto,fint,,,,,,
,RIBBON,RIBBON.DIM,fiocco-DIMmasc,RIBBON.DIM,fiocco-DIM,fiocchett,o,i,II,masc,,
,RIBBON,RIBBON.DIM,fiocco-DIM-DIMmasc,RIBBON.DIM,fiocco-DIM-DIM,fiocchettin,o,i,II,masc,,
,flower,flower,fioremasc,FLOWER,fiore,fior,e,i,III,masc,,
,accordion,accordion,fisarmonicafem,ACCORDION,fisarmonica,fisarmonic,a,,I,fem,,
,whistle,whistle,fischiettomasc,WHISTLE,fischietto,fischiett,o,,II,masc,,
,thick,thick,,,fitto,fitt,,,,,,
,,,fiumemasc,,fiume,fium,e,,III,masc,,
,flash,flash,flashmasc,FLASH,flash,flash,-ø,,VI,masc,,
,flute,flute,flautomasc,FLUTE,flauto,flaut,o,,II,masc,,
,seal,seal,focafem,SEAL,foca,foc,a,,I,fem,?,
,sheet,sheet,fogliomasc,SHEET,foglio,fogli,o,,II,masc,,
,hairdryer,hairdryer,fonmasc,HAIRDRYER,fon,fon,-ø,,VI,masc,,
,fondamental,fondamental,,,fondamentale,fondamental,,,,,,
,bottom,bottom,fondomasc,BOTTOM,fondo,fond,o,,II,masc,,
,,,forbicefem,,forbice,forbice,-ø,,VI,fem,,
,,,forbicefem,,forbice,forbic,e,,III,fem,,
,pitchfork,pitchfork,forcafem,PITCHFORK,forca,forc,a,,I,fem,,
,,.DIM,forma-DIMfem,.DIM,forma-DIM,formin,TBD,,,fem,,
,cheese,cheese,formaggiomasc,CHEESE,formaggio,formaggi,o,,II,masc,,
,ant,ant,formicafem,ANT,formica,formic,a,,I,fem,ANIM,
,,,fornaiomasc,,fornaio,fornai,o,,II,masc,,
,,,forzafem,,forza,forz,a,,I,fem,,
,PHOTO,PHOTO,fotomasc,PHOTO,foto,fot,o,,II,masc,,
,PHOTOGRAPH,PHOTOGRAPH,fotografiafem,PHOTOGRAPH,fotografia,fotografi,a,,I,fem,,
,photographic,photographic,,,fotografico,fotografic,,,,,,
,STRAWBERRY,STRAWBERRY,fragolafem,STRAWBERRY,fragola,fragol,a,,I,fem,,
,STRAWBERRY,STRAWBERRY.DIM,fragola-DIMfem,STRAWBERRY.DIM,fragola-DIM,fragolin,TBD,,,fem,,
,,.DIM,fragola-DIMfem,.DIM,fragola-DIM,<fragoline,TBD,,,fem,,
,,.DIM,frate-DIMmasc,.DIM,frate-DIM,fratell,TBD,,,masc,,
,,.DIM,frate-DIM-DIMmasc,.DIM,frate-DIM-DIM,fratellin,TBD,,,masc,,
,frisby,frisby,frisbymasc,FRISBY,frisby,frisby,-ø,,VI,masc,,
,riding_whip,riding_whip,frustinomasc,RIDING_WHIP,frustino,frustin,o,,II,masc,,
,,,fruttafem,,frutta,frutt,a,,I,fem,,
,gun,gun,fucilemasc,GUN,fucile,fucil,e,,III,masc,,
,,,fumomasc,,fumo,fum,o,,II,masc,,
,mushroom,mushroom,fungomasc,MUSHROOM,fungo,fung,o,,II,masc,,
,mushroom,mushroom,fungomasc,MUSHROOM,fungo,fungh,o,,II,masc,,
,,,fuocomasc,,fuoco,fuoc,o,,II,masc,,
,,,gabbiafem,,gabbia,gabbi,a,,I,fem,,
,galleon,galleon,galeonemasc,GALLEON,galeone,galeon,e,,III,masc,,
,floating,floating,galleggiantemasc,FLOATING,galleggiante,galleggiant,e,,III,masc,,
,tunnel,tunnel,galleriafem,TUNNEL,galleria,galleri,a,,I,fem,,
,,,gallinafem,,gallina,gallin,a,,I,fem,,
,,,gallomasc,,gallo,gall,o,,II,masc,,
,LEG,LEG,gambafem,LEG,gamba,gamb,a,,I,fem,,
,LEG,LEG.DIM,gamba-DIMfem,LEG.DIM,gamba-DIM,gambett,TBD,,,fem,,
,stem,stem,gambomasc,STEM,gambo,gamb,o,,II,masc,,
,,,garafem,,gara,gar,a,,I,fem,,
,CAT,CAT,gattomasc,CAT,gatto,gatt,o,,II,masc,ANIM,
,,,gattomasc,,gatto,gatt(o,o,,II,masc,ANIM,
,CAT,CAT.DIM,gatto-DIMmasc,CAT.DIM,gatto-DIM,gattin,TBD,,,masc,ANIM,
,magpie,magpie,gazzafem,MAGPIE,gazza,gazz,a,,I,fem,ANIM,
,ice_cream_parlor,ice_cream_parlor,gelateriafem,ICE_CREAM_PARLOR,gelateria,gelateri,a,,I,fem,,
,,,gelatomasc,,gelato,gelat,o,,II,masc,,
,token,token,gettonemasc,TOKEN,gettone,getton,e,,III,masc,,
,jacket,jacket,giaccafem,JACKET,giacca,giacc,a,,I,fem,,
,jacket,jacket.DIM,giacca-DIMfem,JACKET.DIM,giacca-DIM,giacchett,TBD,,,fem,,
,YELLOW,YELLOW,,,giallo,giall,,,,,,
,,,giardinomasc,,giardino,giardin,o,,II,masc,,
,gigantic,gigantic,,,gigantesco,gigantesc,,,,,,
,,,ginnasticafem,,ginnastica,ginnastic,a,,I,fem,,
,knee,knee,ginocchiomasc,KNEE,ginocchio,ginocch,o,,II,masc,,
,knee,knee,ginocchiomasc,KNEE,ginocchio,ginocchi,o,,II,masc,,
,,,giocattolomasc,,giocattolo,giocattol,o,,II,masc,,
,,,giocomasc,,gioco,gioc,o,,II,masc,,
,,.DIM,gioco-DIMmasc,.DIM,gioco-DIM,giochin,TBD,,,masc,,
,,,giornalemasc,,giornale,giornal,e,,III,masc,,
,,,giornatafem,,giornata,giornat,a,,I,fem,,
,,,giornomasc,,giorno,giorn,o,,II,masc,,
,,,giostrafem,,giostra,giostr,a,,I,fem,,
,GIRAFFE,GIRAFFE,giraffafem,GIRAFFE,giraffa,giraff,a,,I,fem,ANIM,
,,,giromasc,,giro,gir,o,,II,masc,,
,,.DIM,giro-DIMmasc,.DIM,giro-DIM,girett,TBD,,,masc,,
,game,game,girotondomasc,GAME,girotondo,girotond,o,,II,masc,,
,trip,trip,gitafem,TRIP,gita,git,a,,I,fem,,
,jungle,jungle,giunglafem,JUNGLE,giungla,giungl,a,,I,fem,,
,RIGHT,RIGHT,,,giusto,giust,,,,,,
,hump,hump,gobbafem,HUMP,gobba,gobb,a,,I,fem,,
,humpbacked,humpbacked,gobbomasc,HUMPBACKED,gobbo,gobb,o,,II,masc,,
,elbow,elbow,gomitomasc,ELBOW,gomito,gomit,o,,II,masc,,
,,,gommafem,,gomma,gomm,a,,I,fem,,
,barn,barn,granaiomasc,BARN,granaio,granai,o,,II,masc,,
,big,big,,,grande,grand,,,,,,
,big,big.SUPER,,,grande-SUPER,grandissim,,,,,,
,wheat,wheat,granomasc,WHEAT,grano,gran,o,,II,masc,,
,bunch,bunch,grappolomasc,BUNCH,grappolo,grappol,o,,II,masc,,
,grey,grey,,,grigio,grigi,,,,,,
,grey,grey.DIM,,,grigio-DIM,grigett,,,,,,
,trigger,trigger,grillettomasc,TRIGGER,grilletto,grillett,o,,II,masc,,
,cricket,cricket,grillomasc,CRICKET,grillo,grill,o,,II,masc,ANIM,
,LARGE,LARGE,,,grosso,gross,,,,,,
,cheek,cheek,guanciafem,CHEEK,guancia,guanc,a,,I,fem,,
,cheek,cheek,guanciafem,CHEEK,guancia,guanci,a,,I,fem,,
,,,guantomasc,,guanto,guant,o,,II,masc,,
,,,guantomasc,,guanto,guanton,o,,II,masc,,
,owl,owl,gufomasc,OWL,gufo,guf,o,,II,masc,ANIM,
,,,guidafem,,guida,guid,a,,I,fem,,
,leash,leash,guinzagliomasc,LEASH,guinzaglio,guinzagli,o,,II,masc,,
,,,gustomasc,,gusto,gust,o,,II,masc,,
,,,ideafem,,idea,ide,a,,I,fem,,
,,,immaginefem,,immagine,immagin,e,,III,fem,,
,accident,accident,incidentemasc,ACCIDENT,incidente,incident,e,,III,masc,,
,,,indianomasc,,indiano,indian,o,,II,masc,,
,infernal,infernal,,,infernale,infernal,,,,,,
,salad,salad,insalatafem,SALAD,insalata,insalat,a,,I,fem,,
,,,invernomasc,,inverno,invern,o,,II,masc,,
,,,ippopotamomasc,,ippopotamo,ippopotam,o,,II,masc,,
,kazoo,kazoo,kazoomasc,KAZOO,kazoo,kazo,o,,II,masc,,
,lake,lake,lagomasc,LAKE,lago,lagh,o,,II,masc,,
,,,lampadafem,,lampada,lampad,a,,I,fem,,
,,,lampadinafem,,lampadina,lampadin,a,,I,fem,,
,raspberry,raspberry,lamponemasc,RASPBERRY,lampone,lampon,e,,III,masc,,
,BROAD,BROAD,,,largo,larg,,,,,,
,tin,tin.DIM,latta-DIMfem,TIN.DIM,latta-DIM,lattin,TBD,,,fem,,
,milk,milk,lattemasc,MILK,latte,latt,e,,III,masc,,
,,,lavoromasc,,lavoro,lavor,o,,II,masc,,
,,,lentemasc,,lente,lent,e,,III,masc,,
,fishing_line,fishing_line,lenzafem,FISHING_LINE,lenza,lenz,a,,I,fem,,
,,,lenzuolomasc,,lenzuolo,lenzuol,o,,II,masc,,
,LION,LION,leonemasc,LION,leone,leon,e,,III,masc,ANIM,
,LION,LION.DIM,leone-DIMmasc,LION.DIM,leone-DIM,leoncin,TBD,,,masc,ANIM,
,lioness,lioness,leonessafem,LIONESS,leonessa,leoness,a,,I,fem,ANIM,+FEM
,hare,hare,leprefem,HARE,lepre,lepre,-ø,,VI,fem,ANIM,
,hare,hare,leprefem,HARE,lepre,lepr,e,,III,fem,ANIM,
,leveret,leveret,leprottomasc,LEVERET,leprotto,leprott,o,,II,masc,,
,,,lettomasc,,letto,lett,o,,II,masc,,
,,,lettomasc,,letto,letton,o,,II,masc,,
,,.DIM,letto-DIMmasc,.DIM,letto-DIM,lettin,TBD,,,masc,,
,reader,reader,lettoremasc,READER,lettore,lettor,e,,III,masc,?,
,,,lezionefem,,lezione,lezione,-ø,,VI,fem,,
,,,libromasc,,libro,libron,o,,II,masc,,
,BOOK,BOOK,libromasc,BOOK,libro,libr,o,,II,masc,,
,,,libromasc,,libro,libri>,o,,II,masc,,
,BOOK,BOOK.DIM,libro-DIMmasc,BOOK.DIM,libro-DIM,librett,TBD,,,masc,,
,,,lineafem,,linea,line,a,,I,fem,,
,,,linguafem,,lingua,lingu,a,,I,fem,,
,,.DIM,lingua-DIMfem,.DIM,lingua-DIM,linguett,TBD,,,fem,,
,locomotive,locomotive,locomotivafem,LOCOMOTIVE,locomotiva,locomotiv,a,,I,fem,,
,earthworm,earthworm,lombricomasc,EARTHWORM,lombrico,lombric,o,,II,masc,ANIM,
,,,lottafem,,lotta,lott,a,,I,fem,,
,light,light,lucefem,LIGHT,luce,luc,e,,III,fem,,
,light,light,lucefem,LIGHT,luce,luce,-ø,,VI,fem,,
,,,lucertolafem,,lucertola,lucertol,a,,I,fem,,
,snail,snail,lumacafem,SNAIL,lumaca,lumac,a,,I,fem,ANIM,
,snail,snail,lumacafem,SNAIL,lumaca,lumach,a,,I,fem,ANIM,
,snail,snail.DIM,lumaca-DIMfem,SNAIL.DIM,lumaca-DIM,lumachin,TBD,,,fem,ANIM,
,,,lunafem,,luna,lun,a,,I,fem,,
,LONG,LONG,,,lungo,lungh,,,,,,
,LONG,LONG,,,lungo,lung,,,,,,
,wolf,wolf,lupomasc,WOLF,lupo,lup,o,,II,masc,ANIM,
,stain,stain,macchiafem,STAIN,macchia,macchi,a,,I,fem,,
,stain,stain.DIM,macchia-DIMfem,STAIN.DIM,macchia-DIM,macchiolin,TBD,,,fem,,
,,,macchinafem,,macchina,macchin,a,,I,fem,,
,,.DIM,macchina-DIMfem,.DIM,macchina-DIM,macchinin,TBD,,,fem,,
,,.DIM,macchina-DIMfem,.DIM,macchina-DIM,macchinett,TBD,,,fem,,
,,,macedoniafem,,macedonia,macedoni,a,,I,fem,,
,,,maestromasc,,maestro,maestr,o,,II,masc,,
,magic,magic,,,magico,magic,,,,,,
,stitch,stitch,magliafem,STITCH,maglia,magli,a,,I,fem,,
,stitch,stitch.DIM,maglia-DIMfem,STITCH.DIM,maglia-DIM,magliett,TBD,,,fem,,
,,,magliettafem,,maglietta,magliett,a,,I,fem,,
,pig,pig,maialemasc,PIG,maiale,maial,e,,III,masc,ANIM,
,pig,pig.DIM,maiale-DIMmasc,PIG.DIM,maiale-DIM,maialin,TBD,,,masc,ANIM,
,maize,maize,maismasc,MAIZE,mais,mais,-ø,,VI,masc,,
,illness,illness,malattiafem,ILLNESS,malattia,malatti,a,,I,fem,,
,,,malemasc,,male,mal(e,e,,III,masc,,
,,,mammafem,,mamma,mamm,a,,I,fem,,
,,,mammafem,,mamma,mam(m),a,,I,fem,,
,missing,missing,,,mancante,mancant,,,,,,
,fire_eater,fire_eater,mangiafuocomasc,FIRE_EATER,mangiafuoco,mangiafuoc,o,,II,masc,,
,sleeve,sleeve,manicafem,SLEEVE,manica,manich,a,,I,fem,,
,handle,handle,manigliafem,HANDLE,maniglia,manigli,a,,I,fem,,
,hand,hand,manofem,HAND,mano,mano,-ø,,VI,fem,,
,,,manofem,,mano,mani,o,,,fem,,
,hand,hand.DIM,mano-DIMfem,HAND.DIM,mano-DIM,manin,TBD,,,fem,,
,handle,handle,manopolafem,HANDLE,manopola,manopol,a,,I,fem,,
,handlebar,handlebar,manubriomasc,HANDLEBAR,manubrio,manubri,o,,II,masc,,
,brand,brand,marcafem,BRAND,marca,marc,a,,I,fem,,
,,,maremasc,,mare,mar,e,,III,masc,,
,tide,tide,mareafem,TIDE,marea,mare,a,,I,fem,,
,margin,margin,marginemasc,MARGIN,margine,margin,e,,III,masc,,
,puppet,puppet,marionettafem,PUPPET,marionetta,marionett,a,,I,fem,,
,BROWN,BROWN,,,marrone,marron,,,,,,
,,,mascherafem,,maschera,mascher,a,,I,fem,,
,,,maschiomasc,,maschio,maschi,o,,II,masc,,
,,.DIM,maschio-DIMmasc,.DIM,maschio-DIM,maschiett,TBD,,,masc,,
,,,matitafem,,matita,matit,a,,I,fem,,
,,,matitafem,,matita,matita,-ø,,VI,fem,,
,stepmother,stepmother,matrignafem,STEPMOTHER,matrigna,matrign,a,,I,fem,ANIM,+FEM
,,,matrimoniomasc,,matrimonio,matrimoni,o,,II,masc,,
,,,mattinafem,,mattina,mattin,a,,I,fem,,
,,,mattonemasc,,mattone,matton,e,,III,masc,,
,club,club,mazzafem,CLUB,mazza,mazz,a,,I,fem,,
,medal,medal,medagliafem,MEDAL,medaglia,medagli,a,,I,fem,,
,medicine,medicine,medicinafem,MEDICINE,medicina,medicin,a,,I,fem,,
,,,melafem,,mela,mel,a,,I,fem,,
,,,memoriafem,,memoria,memori,a,,I,fem,,
,,,mercatomasc,,mercato,mercat,o,,II,masc,,
,,.DIM,mercato-DIMmasc,.DIM,mercato-DIM,mercatin,TBD,,,masc,,
,,,mesemasc,,mese,mes,e,,III,masc,,
,message,message,messaggiomasc,MESSAGE,messaggio,messaggi,o,,II,masc,,
,,,metromasc,,metro,metr,o,,II,masc,,
,,,mezzomasc,,mezzo,mezz,o,,II,masc,,
,little_finger,little_finger,mignolomasc,LITTLE_FINGER,mignolo,mignol,o,,II,masc,,
,puff,puff,millefogliemasc,PUFF,millefoglie,millefogli,e,,III,masc,,
,soup,soup,minestrafem,SOUP,minestra,minestr,a,,I,fem,,
,blueberry,blueberry,mirtillomasc,BLUEBERRY,mirtillo,mirtill,o,,II,masc,,
,modern,modern,,,moderno,modern,,,,,,
,,,mogliemasc,,moglie,mogli,e,,III,masc,,
,,,mollafem,,molla,moll,a,,I,fem,,
,,,momentomasc,,momento,moment,o,,II,masc,,
,,,montagnafem,,montagna,montagn,a,,I,fem,,
,measles,measles,morbillomasc,MEASLES,morbillo,morbill,o,,II,masc,,
,,,morsomasc,,morso,mors,o,,II,masc,,
,mortal,mortal,,,mortale,mortal,,,,,,
,,,moscafem,,mosca,mosch,a,,I,fem,,
,MOTO,MOTO,motomasc,MOTO,moto,mot,o,,II,masc,,
,MOTORCYCLE,MOTORCYCLE,motociclettafem,MOTORCYCLE,motocicletta,motociclett,a,,I,fem,,
,,,muccafem,,mucca,mucc,a,,I,fem,,
,,,muccafem,,mucca,mucch,a,,I,fem,,
,bunch,bunch,mucchiomasc,BUNCH,mucchio,mucchi,o,,II,masc,,
,miller,miller,mugnaiomasc,MILLER,mugnaio,mugnai,o,,II,masc,,
,,,muromasc,,muro,mur,o,,II,masc,,
,MUSIC,MUSIC,musicafem,MUSIC,musica,music,a,,I,fem,,
,MUSIC,MUSIC.DIM,musica-DIMfem,MUSIC.DIM,musica-DIM,musichett,TBD,,,fem,,
,VEHICLENOSE,VEHICLENOSE,musomasc,VEHICLENOSE,muso,mus,o,,II,masc,,
,,,nannafem,,nanna,nann,a,,I,fem,,
,,,nannafem,,nanna,nanna,-ø,,VI,fem,,
,dwarf,dwarf,nanofem,DWARF,nano,nan,o,,,fem,ANIM,?
,dwarf,dwarf,nanomasc,DWARF,nano,nan,o,,II,masc,ANIM,?
,NOSE,NOSE,nasomasc,NOSE,naso,nas,o,,II,masc,,
,,,nasomasc,,naso,nason,o,,II,masc,,
,NOSE,NOSE.DIM1,naso-DIMmasc,NOSE.DIM1,naso-DIM,nasett,TBD,,,masc,,
,NOSE,NOSE.DIM2,naso-DIMmasc,NOSE.DIM2,naso-DIM,nasin,TBD,,,masc,,
,ribbon,ribbon,nastromasc,RIBBON,nastro,nastr,o,,II,masc,,
,,,navemasc,,nave,nav,e,,III,masc,,
,,,negoziomasc,,negozio,negozi,o,,II,masc,,
,,,negoziomasc,,negozio,negoz,o,,II,masc,,
,BLACK,BLACK,,,nero,ner,,,,,,
,BLACK,BLACK.SUPER,,,nero-SUPER,nerissim,,,,,,
,,,nevemasc,,neve,nev,e,,III,masc,,
,nephew,nephew.DIM,nipote-DIMfem,NEPHEW.DIM,nipote-DIM,nipotin,TBD,,,fem,ANIM,+FEM
,knot,knot.DIM,nodo-DIMmasc,KNOT.DIM,nodo-DIM,nodin,TBD,,,masc,,
,NAME,NAME,nomemasc,NAME,nome,nom,e,,III,masc,,
,GRANDPARENT,GRANDPARENT,nonnafem,GRANDPARENT,nonna,nonn,a,,I,fem,ANIM,+FEM
,GRANDPARENT,GRANDPARENT.DIM,nonna-DIMfem,GRANDPARENT.DIM,nonna-DIM,nonnin,TBD,,,fem,ANIM,+FEM
,GRANDPARENT,GRANDPARENT,nonnomasc,GRANDPARENT,nonno,nonn,o,,II,masc,ANIM,-FEM
,NORMAL,NORMAL,,,normale,normal,,,,,,
,NIGHT,NIGHT,nottemasc,NIGHT,notte,nott,e,,III,masc,,
,bare,bare,,,nudo,nud,,,,,,
,NUMBER,NUMBER,numeromasc,NUMBER,numero,numer,o,,II,masc,,
,NEW,NEW,,,nuovo,nuov,,,,,,
,goose,goose,ocafem,GOOSE,oca,oc,a,,I,fem,,
,goose,goose,ocafem,GOOSE,oca,och,a,,I,fem,ANIM,
,goose,goose.DIM,oca-DIMfem,GOOSE.DIM,oca-DIM,ochett,TBD,,,fem,ANIM,
,glasses,glasses,occhialemasc,GLASSES,occhiale,occhial,e,,III,masc,,
,look,look,occhiatafem,LOOK,occhiata,occhiat,a,,I,fem,,
,eye,eye,occhiomasc,EYE,occhio,occh,o,,II,masc,,
,eye,eye,occhiomasc,EYE,occhio,occhi,o,,II,masc,,
,eye,eye.DIM,occhio-DIMmasc,EYE.DIM,occhio-DIM,occhiolin,TBD,,,masc,,
,eye,eye.DIM,occhio-DIMmasc,EYE.DIM,occhio-DIM,occhiett,TBD,,,masc,,
,object,object.DIM,oggetto-DIMmasc,OBJECT.DIM,oggetto-DIM,oggettin,TBD,,,masc,,
,,,ombelicomasc,,ombelico,ombelic,o,,II,masc,,
,,,ombrellomasc,,ombrello,ombrell,o,,II,masc,,
,wave,wave,ondafem,WAVE,onda,ond,a,,I,fem,,
,ogre,ogre,orcomasc,OGRE,orco,orc,o,,II,masc,ANIM,
,,,ordinemasc,,ordine,ordin,e,,III,masc,,
,,,orecchiafem,,orecchia,orecchi,a,,I,fem,,
,ear,ear,orecchiomasc,EAR,orecchio,orecchi,o,,II,masc,,
,,,oromasc,,oro,or,o,,II,masc,,
,,,orologiomasc,,orologio,orologi,o,,II,masc,,
,BEAR,BEAR,orsomasc,BEAR,orso,ors,o,,II,masc,,
,,,orsomasc,,orso,orso,-ø,,VI,masc,,
,BEAR,BEAR.DIM,orso-DIMmasc,BEAR.DIM,orso-DIM,orsett,TBD,,,masc,,
,BEAR,BEAR.DIM.DIM,orso-DIM-DIMmasc,BEAR.DIM.DIM,orso-DIM-DIM,orsettin,TBD,,,masc,,
,hospital,hospital,ospedalemasc,HOSPITAL,ospedale,ospedal,e,,III,masc,,
,otitis,otitis,otitemasc,OTITIS,otite,otit,e,,III,masc,,
,oval,oval,,,ovale,oval,,,,,,
,wadding,wadding,ovattafem,WADDING,ovatta,ovatt,a,,I,fem,,
,package,package.DIM,pacco-DIMmasc,PACKAGE.DIM,pacco-DIM,pacchett,TBD,,,masc,,
,package,package.DIM,pacco-DIM-DIMmasc,PACKAGE.DIM,pacco-DIM-DIM,pacchettin,TBD,,,masc,,
,landlady,landlady,padronafem,LANDLADY,padrona,padron,a,,I,fem,,
,master,master,padronemasc,MASTER,padrone,padron,e,,III,masc,ANIM,?
,,,paesemasc,,paese,paes,e,,III,masc,,
,,.DIM,paese-DIMmasc,.DIM,paese-DIM,paesin,TBD,,,masc,,
,,,paginafem,,pagina,pagin,a,,I,fem,,
,clown,clown,pagliacciomasc,CLOWN,pagliaccio,pagliacci,o,,II,masc,ANIM,?
,,,paiomasc,,paio,pai,o,,II,masc,,
,shovel,shovel,palafem,SHOVEL,pala,pal,a,,I,fem,,
,shovel,shovel.DIM,pala-DIMfem,SHOVEL.DIM,pala-DIM,palett,TBD,,,fem,,
,,,palestrafem,,palestra,palestr,a,,I,fem,,
,,,pallafem,,palla,pall,a,,I,fem,,
,,,pallafem,,palla,tat,a,,I,fem,,
,,.DIM,palla-DIMfem,.DIM,palla-DIM,pallin,TBD,,,fem,,
,,.DIM,palla-DIMfem,.DIM,palla-DIM,pallina,TBD,,,fem,,
,ball,ball.DIM,palla-DIMmasc,BALL.DIM,palla-DIM,pallin,TBD,,,masc,,
,,,pallacanestromasc,,pallacanestro,pallacanestr,o,,II,masc,,
,balloon,balloon,palloncinomasc,BALLOON,palloncino,palloncin,o,,II,masc,,
,,,pallonemasc,,pallone,pallon,e,,III,masc,,
,abacus,abacus,pallottolieremasc,ABACUS,pallottoliere,pallottolier,e,,III,masc,,
,pole,pole,palomasc,POLE,palo,pal,o,,II,masc,,
,stomach,stomach,panciafem,STOMACH,pancia,panci,a,,I,fem,,
,,,pancionefem,,pancione,pancione,-ø,,VI,fem,,
,panda,panda,pandamasc,PANDA,panda,panda,-ø,,VI,masc,ANIM,
,,,panemasc,,pane,pan,e,,III,masc,,
,,.DIM,pane-DIMmasc,.DIM,pane-DIM,pancin,TBD,,,masc,,
,,,pannafem,,panna,pann,a,,I,fem,,
,,,pannolinomasc,,pannolino,pannolin,o,,II,masc,,
,panther,panther,panterafem,PANTHER,pantera,panter,a,,I,fem,ANIM,
,slipper,slipper,pantofolafem,SLIPPER,pantofola,pantofol,a,,I,fem,,
,slipper,slipper.DIM,pantofola-DIMfem,SLIPPER.DIM,pantofola-DIM,pantofolin,TBD,,,fem,,
,,,papafem,,papa,pap,a,,I,fem,,
,,,papàmasc,,papà,papà,-ø,,VI,masc,,
,,,papàmasc,,papà,pa(pà),-ø,,VI,masc,,
,,,papàmasc,,papà,papà>.,-ø,,VI,masc,,
,gosling,gosling.DIM,papere-DIMfem,GOSLING.DIM,papere-DIM,paperett,TBD,,,fem,ANIM,
,baby_food,baby_food,pappafem,BABY_FOOD,pappa,papp,a,,I,fem,,
,parrot,parrot,pappagallomasc,PARROT,pappagallo,pappagall,o,,II,masc,ANIM,
,parrot,parrot.DIM,pappagallo-DIMmasc,PARROT.DIM,pappagallo-DIM,pappagallin,TBD,,,masc,ANIM,
,,,paretemasc,,parete,paret,e,,III,masc,,
,,,parolafem,,parola,parol,a,,I,fem,,
,,,partemasc,,parte,part,e,,III,masc,,
,,,partitafem,,partita,partit,a,,I,fem,,
,,,passeggiatafem,,passeggiata,passeggiat,a,,I,fem,,
,sparrow,sparrow.DIM,passero-DIMmasc,SPARROW.DIM,passero-DIM,passerott,TBD,,,masc,ANIM,
,,,pastasciuttafem,,pastasciutta,pastasciutt,a,,I,fem,,
,young_shepherd,young_shepherd,pastorellomasc,YOUNG_SHEPHERD,pastorello,pastorell,o,,II,masc,ANIM,-FEM
,young_shepherd,young_shepherd,pastorellofem,YOUNG_SHEPHERD,pastorello,pastorell,o,,,fem,ANIM,+FEM
,,,patatafem,,patata,patat,a,,I,fem,,
,skating,skating,pattinaggiomasc,SKATING,pattinaggio,pattinaggi,o,,II,masc,,
,,,pavimentomasc,,pavimento,paviment,o,,II,masc,,
,,,pazienzafem,,pazienza,pazienz,a,,I,fem,,
,SHEEP?,SHEEP?,pecorafem,SHEEP?,pecora,pecor,a,,I,fem,,
,,.DIM,pecora-DIMfem,.DIM,pecora-DIM,pecorell,TBD,,,fem,,
,kick,kick,pedatafem,KICK,pedata,pedat,a,,I,fem,,
,,,pellemasc,,pelle,pell,e,,III,masc,,
,fur,fur,pellicciafem,FUR,pelliccia,pellicci,a,,I,fem,,
,,,pelomasc,,pelo,pel,o,,II,masc,,
,feather,feather,pennafem,FEATHER,penna,penn,a,,I,fem,,
,felt_tip_pen,felt_tip_pen,pennarellomasc,FELT_TIP_PEN,pennarello,pennarell,o,,II,masc,,
,brush,brush,pennellomasc,BRUSH,pennello,pennell,o,,II,masc,,
,pot,pot,pentolafem,POT,pentola,pentol,a,,I,fem,,
,,,perafem,,pera,per,a,,I,fem,,
,PERFECT,PERFECT,,,perfetto,perfett,,,,,,
,pearl,pearl.DIM,perla-DIMfem,PEARL.DIM,perla-DIM,perlin,TBD,,,fem,,
,raspberry,raspberry,pernacchiafem,RASPBERRY,pernacchia,pernacchi,a,,I,fem,,
,FISH,FISH,pescemasc,FISH,pesce,pesc,e,,III,masc,?,
,,,pesciolinomasc,,pesciolino,pesciolin,o,,II,masc,,
,,,pesomasc,,peso,pes,o,,II,masc,,
,COMB?,COMB?,pettinemasc,COMB?,pettine,pettin,e,,III,masc,,
,piece,piece,pezzomasc,PIECE,pezzo,pezz,o,,II,masc,,
,piece,piece.DIM,pezzo-DIMmasc,PIECE.DIM,pezzo-DIM,pezzett,TBD,,,masc,,
,piece,piece.DIM.DIM,pezzo-DIM-DIMmasc,PIECE.DIM.DIM,pezzo-DIM-DIM,pezzettin,TBD,,,masc,,
,planet,planet,pianetamasc,PLANET,pianeta,pianeta,-ø,,VI,masc,,
,PIANO,PIANO,pianomasc,PIANO,piano,pian,o,,II,masc,,
,PIANOFORTE,PIANOFORTE,pianofortemasc,PIANOFORTE,pianoforte,pianofort,e,,III,masc,,
,,.DIM,pianta-DIMfem,.DIM,pianta-DIM,piantin,TBD,,,fem,,
,woodpecker,woodpecker,picchiomasc,WOODPECKER,picchio,picchi,o,,II,masc,ANIM,
,SMALL,SMALL,,,piccolo,piccol,,,,,,
,LITTLEONE,LITTLEONE,piccolomasc,LITTLEONE,piccolo,piccol,o,,II,masc,?,
,SMALL,SMALL.DIM,,,piccolo-DIM,piccolin,,,,,,
,LITTLEONE,LITTLEONE.DIM,piccolo-DIMmasc,LITTLEONE.DIM,piccolo-DIM,piccolett,TBD,,,masc,?,
,,,piedemasc,,piede,piedon,e,,III,masc,,
,,,piedemasc,,piede,pied,e,,III,masc,,
,,,piedemasc,,piede,piedacci,e,,III,masc,,
,,.DIM,piede-DIMmasc,.DIM,piede-DIM,piedin,TBD,,,masc,,
,fold,fold,piegafem,FOLD,piega,pieg,a,,I,fem,,
,fold,fold,piegafem,FOLD,piega,piegh,a,,I,fem,,
,FULL,FULL,,,pieno,pien,,,,,,
,,,pietrafem,,pietra,pietr,a,,I,fem,,
,pipe,pipe,pifferomasc,PIPE,piffero,pi(ffero,o,,II,masc,,
,pipe,pipe,pifferomasc,PIPE,piffero,piffer,o,,II,masc,,
,pyjamas,pyjamas,pigiamamasc,PYJAMAS,pigiama,pigiama,-ø,,VI,masc,,
,pyjamas,pyjamas.DIM,pigiama-DIMmasc,PYJAMAS.DIM,pigiama-DIM,pigiamin,TBD,,,masc,,
,battery,battery,pilafem,BATTERY,pila,pil,a,,I,fem,,
,,,pinguinomasc,,pinguino,pinguin,o,,II,masc,,
,fin,fin,pinnafem,FIN,pinna,pinn,a,,I,fem,,
,rain,rain,pioggiafem,RAIN,pioggia,pioggi,a,,I,fem,,
,rain,rain.DIM,pioggia-DIMfem,RAIN.DIM,pioggia-DIM,pioggerell,TBD,,,fem,,
,peepee,peepee,pipìmasc,PEEPEE,pipì,pipì,-ø,,VI,masc,,
,bat,bat,pipistrellomasc,BAT,pipistrello,pipistrell,o,,II,masc,?,
,pyramid,pyramid,piramidefem,PYRAMID,piramide,piramide,-ø,,VI,fem,,
,swimming_pool,swimming_pool,piscinafem,SWIMMING_POOL,piscina,piscin,a,,I,fem,,
,swimming_pool,swimming_pool.DIM,piscina-DIMfem,SWIMMING_POOL.DIM,piscina-DIM,piscinett,TBD,,,fem,,
,trail,trail,pistafem,TRAIL,pista,pista,-ø,,VI,fem,,
,pistol,pistol,pistolafem,PISTOL,pistola,pistol,a,,I,fem,,
,more,more,,,più,più,,,,,,
,pinch,pinch,pizzicottomasc,PINCH,pizzicotto,pizzicott,o,,II,masc,,
,plural,plural,pluralemasc,PLURAL,plurale,plural,e,,III,masc,,
,little,little,pochinomasc,LITTLE,pochino,pochin,o,,II,masc,,
,buzzard,buzzard,poianafem,BUZZARD,poiana,poian,a,,I,fem,ANIM,
,poliomyelitis,poliomyelitis,poliomelitefem,POLIOMYELITIS,poliomelite,poliomelite,-ø,,VI,fem,,
,POLICE,POLICE,poliziafem,POLICE,polizia,polizi,a,,I,fem,ANIM,?
,,,pollomasc,,pollo,poll,o,,II,masc,,
,wrist,wrist,polsomasc,WRIST,polso,pols,o,,II,masc,,
,salve,salve,pomatafem,SALVE,pomata,pomat,a,,I,fem,,
,salve,salve.DIM,pomata-DIMfem,SALVE.DIM,pomata-DIM,pomatin,TBD,,,fem,,
,,,pomeriggiomasc,,pomeriggio,pomeriggi,o,,II,masc,,
,TOMATO,TOMATO,pomodoromasc,TOMATO,pomodoro,pomodor,o,,II,masc,,
,,,pompafem,,pompa,pomp,a,,I,fem,,
,,.DIM,pompa-DIMfem,.DIM,pompa-DIM,pompett,TBD,,,fem,,
,PIGLET,PIGLET.DIM,porcello-DIMmasc,PIGLET.DIM,porcello-DIM,porcellin,TBD,,,masc,ANIM,
,,,portafem,,porta,port,a,,I,fem,,
,tape_holder,tape_holder,portacassettamasc,TAPE_HOLDER,portacassetta,portacassetta,-ø,,VI,masc,,
,door,door,portierafem,DOOR,portiera,portier,a,,I,fem,,
,,,portieremasc,,portiere,portier,e,,III,masc,,
,position,position,posizionefem,POSITION,posizione,posizione,-ø,,VI,fem,,
,back,back,,,posteriore,posterior,,,,,,
,,,postomasc,,posto,post,o,,II,masc,,
,POOR,POOR,,,povero,pover,,,,,,
,POORONE,POORONE,poveromasc,POORONE,povero,pover,o,,II,masc,,
,POOR,POOR.DIM,,,povero-DIM,poverin,,,,,,
,POORONE,POORONE.DIM,povero-DIMmasc,POORONE.DIM,povero-DIM,poverin,TBD,,,masc,,
,,,pratomasc,,prato,prat,o,,II,masc,,
,precedence,precedence,precedenzafem,PRECEDENCE,precedenza,pre(cedenza,a,,I,fem,,
,preference,preference,preferenzafem,PREFERENCE,preferenza,preferenz,a,,I,fem,,
,,,premiomasc,,premio,prem,o,,II,masc,,
,,,premiomasc,,premio,premi,o,,II,masc,,
,PRECIOUS,PRECIOUS,,,prezioso,prezios,,,,,,
,SPRING,SPRING,primaverafem,SPRING,primavera,primaver,a,,I,fem,,
,prince,prince,principemasc,PRINCE,principe,princip,e,,III,masc,ANIM,-FEM
,princess,princess,principessafem,PRINCESS,principessa,principess,a,,I,fem,ANIM,+FEM
,problem,problem,problemamasc,PROBLEM,problema,problema,-ø,,VI,masc,,
,,,proboscidemasc,,proboscide,proboscid,e,,III,masc,,
,profile,profile,profilomasc,PROFILE,profilo,profil,o,,II,masc,,
,ham,ham,prosciuttomasc,HAM,prosciutto,prosciutt,o,,II,masc,,
,NEAR,NEAR,,,prossimo,prossim,,,,,,
,,,provafem,,prova,prov,a,,I,fem,,
,publicity,publicity,pubblicitàfem,PUBLICITY,pubblicità,pubblicità,-ø,,VI,fem,,
,blu,blu,puffomasc,BLU,puffo,puff,o,,II,masc,,
,,,pugnomasc,,pugno,pugn,o,,II,masc,,
,,,pulcinomasc,,pulcino,pulcin,o,,II,masc,,
,colt,colt,puledromasc,COLT,puledro,puledr,o,,II,masc,ANIM,
,CLEAN,CLEAN,,,pulito,pulit,,,,,,
,point,point,puntafem,POINT,punta,puntaner,a,,I,fem,,
,point,point,puntafem,POINT,punta,punt,a,,I,fem,,
,dot,dot.DIM,punto-DIMmasc,DOT.DIM,punto-DIM,puntin,TBD,,,masc,,
,pupil,pupil,pupillafem,PUPIL,pupilla,pupill,a,,I,fem,?,
,jigsaw,jigsaw,puzzlemasc,JIGSAW,puzzle,puzzl,e,,III,masc,,
,polecat,polecat,puzzolafem,POLECAT,puzzola,puzzol,a,,I,fem,ANIM,
,polecat,polecat.DIM,puzzola-DIMfem,POLECAT.DIM,puzzola-DIM,puzzolin,TBD,,,fem,ANIM,
,copybook,copybook,quadernomasc,COPYBOOK,quaderno,quadern,o,,II,masc,,
,clover,clover,quadrifogliomasc,CLOVER,quadrifoglio,quadrifogli,o,,II,masc,,
,,.DIM,quadro-DIMmasc,.DIM,quadro-DIM,quadrett,TBD,,,masc,,
,racket,racket,racchettafem,RACKET,racchetta,racchett,a,,I,fem,,
,,,raffreddoremasc,,raffreddore,raffreddor,e,,III,masc,,
,CHILD,CHILD,ragazzomasc,CHILD,ragazzo,ragazz,o,,II,masc,ANIM,-FEM
,CHILD,CHILD,ragazzofem,CHILD,ragazzo,ragazz,o,,,fem,ANIM,+FEM
,CHILD,CHILD.DIM,ragazzo-DIMfem,CHILD.DIM,ragazzo-DIM,ragazzin,TBD,,,fem,ANIM,+FEM
,,,ragnatelafem,,ragnatela,ragnatela>,a,,I,fem,,
,,,ragnomasc,,ragno,ragn,o,,II,masc,,
,,.DIM,ragno-DIMmasc,.DIM,ragno-DIM,ragnett,TBD,,,masc,,
,FROG,FROG,ranafem,FROG,rana,ran,a,,I,fem,ANIM,
,rake,rake,rastrellomasc,RAKE,rastrello,rastrell,o,,II,masc,,
,king,king,remasc,KING,re,r,e,,III,masc,ANIM,-FEM
,,,recintomasc,,recinto,recint,o,,II,masc,,
,GIFT,GIFT,regalomasc,GIFT,regalo,regal,o,,II,masc,,
,queen,queen,reginafem,QUEEN,regina,regin,a,,I,fem,ANIM,+FEM
,tape_recorder,tape_recorder,registratoremasc,TAPE_RECORDER,registratore,registrator,e,,III,masc,,
,tape_recorder,tape_recorder,registratoremasc,TAPE_RECORDER,registratore,registr(atore,e,,III,masc,,
,reindeer,reindeer,rennafem,REINDEER,renna,renn,a,,I,fem,ANIM,
,,.DIM,rete-DIMfem,.DIM,rete-DIM,retin,TBD,,,fem,,
,curly,curly,,,riccio,ricci,,,,,,
,hedgehog,hedgehog,ricciomasc,HEDGEHOG,riccio,ricci,o,,II,masc,ANIM,
,hedgehog,hedgehog,ricciomasc,HEDGEHOG,riccio,ricc,o,,II,masc,ANIM,
,line,line,rigafem,LINE,riga,righ,a,,I,fem,,
,line,line.DIM,riga-DIMfem,LINE.DIM,riga-DIM,righett,TBD,,,fem,,
,ruler,ruler,righellomasc,RULER,righello,righell,o,,II,masc,,
,run_up,run_up,rincorsafem,RUN_UP,rincorsa,rincors,a,,I,fem,,
,rhinoceros,rhinoceros,rinocerontemasc,RHINOCEROS,rinoceronte,rinoceront,e,,III,masc,ANIM,
,heating,heating,riscaldamentomasc,HEATING,riscaldamento,riscaldament,o,,II,masc,,
,,,rispostafem,,risposta,rispost,a,,I,fem,,
,,,robafem,,roba,rob,a,,I,fem,,
,swallow,swallow,rondinefem,SWALLOW,rondine,rondine,-ø,,VI,fem,,
,,,rosafem,,rosa,ros,a,,I,fem,,
,rose,rose,,,roso,ros,,,,,,
,toad,toad,rospomasc,TOAD,rospo,rosp,o,,II,masc,ANIM,
,red,red,,,rosso,ross,,,,,,
,ROUND,ROUND,,,rotondo,rotond,,,,,,
,BROKEN,BROKEN,,,rotto,rott,,,,,,
,,,rumoremasc,,rumore,rumor,e,,III,masc,,
,,,ruotafem,,ruota,ruot,a,,I,fem,,
,stream,stream,ruscellomasc,STREAM,ruscello,ruscell,o,,II,masc,,
,,,sabatomasc,,sabato,sabat,o,,II,masc,,
,,,sabbiafem,,sabbia,sabbi,a,,I,fem,,
,,.DIM,sacco-DIMmasc,.DIM,sacco-DIM,sacchett,TBD,,,masc,,
,,.DIM,sacco-DIM-DIMmasc,.DIM,sacco-DIM-DIM,sacchettin,TBD,,,masc,,
,,,salemasc,,sale,sal,e,,III,masc,,
,jumping,jumping,,,salterino,salterin,,,,,,
,,,saltomasc,,salto,salt,o,,II,masc,,
,,,salvagentemasc,,salvagente,salvagent,e,,III,masc,,
,,,sassomasc,,sasso,sass,o,,II,masc,,
,,,sbarrafem,,sbarra,sbarr,a,,I,fem,,
,slap,slap,sberlafem,SLAP,sberla,sberl,a,,I,fem,,
,,,scalafem,,scala,scal,a,,I,fem,,
,,.DIM,scala-DIMfem,.DIM,scala-DIM,scalett,TBD,,,fem,,
,climb,climb,scalatafem,CLIMB,scalata,scalat,a,,I,fem,,
,shoe,shoe,scarpafem,SHOE,scarpa,scarp,a,,I,fem,,
,shoe,shoe.DIM,scarpa-DIMfem,SHOE.DIM,scarpa-DIM,scarpett,TBD,,,fem,,
,shoe,shoe.DIM,scarpa-DIMfem,SHOE.DIM,scarpa-DIM,scarpin,TBD,,,fem,,
,shoe,shoe.DIM,scarpa-DIM-DIMfem,SHOE.DIM,scarpa-DIM-DIM,scarpettin,TBD,,,fem,,
,,,scatolafem,,scatola,scatol,a,,I,fem,,
,,.DIM,scatola-DIMfem,.DIM,scatola-DIM,scatolin,TBD,,,fem,,
,carton,carton,scatolonemasc,CARTON,scatolone,scatolon,e,,III,masc,,
,card,card,schedafem,CARD,scheda,sched,a,,I,fem,,
,joke,joke.DIM,scherzo-DIMmasc,JOKE.DIM,scherzo-DIM,scherzett,TBD,,,masc,,
,,,sciarpafem,,sciarpa,sciarp,a,,I,fem,,
,monkey,monkey,scimmiomasc,MONKEY,scimmio,scimmi,o,,II,masc,ANIM,?
,monkey,monkey,scimmiofem,MONKEY,scimmio,scimmi,o,,,fem,ANIM,?
,monkey,monkey.DIM,scimmio-DIMmasc,MONKEY.DIM,scimmio-DIM,scimmiott,TBD,,,masc,ANIM,?
,monkey,monkey.DIM,scimmio-DIMfem,MONKEY.DIM,scimmio-DIM,scimmiett,TBD,,,fem,ANIM,?
,,,scivolomasc,,scivolo,scivol,o,,II,masc,,
,,,scoiattolomasc,,scoiattolo,scoiattol,o,,II,masc,,
,,.DIM,scoiattolo-DIMmasc,.DIM,scoiattolo-DIM,scoiattolin,TBD,,,masc,,
,clash,clash,scontromasc,CLASH,scontro,scontr,o,,II,masc,,
,,.DIM,scopa-DIMfem,.DIM,scopa-DIM,scopett,TBD,,,fem,,
,scorpion,scorpion,scorpionemasc,SCORPION,scorpione,scorpion,e,,III,masc,ANIM,
,past,past,,,scorso,scors,,,,,,
,,,scrivaniafem,,scrivania,scrivani,a,,I,fem,,
,,,scuolafem,,scuola,scuol,a,,I,fem,,
,dark,dark,,,scuro,scur,,,,,,
,,,secchiellomasc,,secchiello,secchiell,o,,II,masc,,
,celery,celery,sedanomasc,CELERY,sedano,sedan,o,,II,masc,,
,,,sediafem,,sedia,sedi,a,,I,fem,,
,saw,saw,segafem,SAW,sega,seg,a,,I,fem,,
,seat,seat.DIM,seggio-DIMmasc,SEAT.DIM,seggio-DIM,seggiolin,TBD,,,masc,,
,chair,chair.DIM,seggiola-DIMfem,CHAIR.DIM,seggiola-DIM,seggiolin,TBD,,,fem,,
,saddle,saddle,sellafem,SADDLE,sella,sell,a,,I,fem,,
,seed,seed,sememasc,SEED,seme,sem,e,,III,masc,,
,seed,seed.DIM,seme-DIMmasc,SEED.DIM,seme-DIM,semin,TBD,,,masc,,
,semicircle,semicircle,semicerchiomasc,SEMICIRCLE,semicerchio,semicerchi,o,,II,masc,,
,sequence,sequence,sequenzafem,SEQUENCE,sequenza,sequenz,a,,I,fem,,
,,,serafem,,sera,ser,a,,I,fem,,
,sergeant,sergeant,sergentemasc,SERGEANT,sergente,sergent,e,,III,masc,ANIM,
,SERIOUS,SERIOUS,,,serio,seri,,,,,,
,,,settimanafem,,settimana,settiman,a,,I,fem,,
,background,background,sfondomasc,BACKGROUND,sfondo,sfond,o,,II,masc,,
,sir,sir,signoremasc,SIR,signore,signor,e,,III,masc,,
,sir,sir,signorefem,SIR,signore,signor,e,,III,fem,,
,hiccup,hiccup,singhiozzomasc,HICCUP,singhiozzo,singhiozz,o,,II,masc,,
,siren,siren,sirenafem,SIREN,sirena,siren,a,,I,fem,,
,,,sistemafem,,sistema,sistem,a,,I,fem,,
,forgetful,forgetful,,,smemorato,smemorat,,,,,,
,dandelion,dandelion,soffionemasc,DANDELION,soffione,soffion,e,,III,masc,,
,dandelion,dandelion,soffionemasc,DANDELION,soffione,<soffione,e,,III,masc,,
,,,soggiornomasc,,soggiorno,soggiorn,o,,II,masc,,
,soldier,soldier,soldatomasc,SOLDIER,soldato,soldat,o,,II,masc,ANIM,?
,soldier,soldier.DIM,soldato-DIMmasc,SOLDIER.DIM,soldato-DIM,soldatin,TBD,,,masc,ANIM,?
,,,soldomasc,,soldo,sold,o,,II,masc,,
,,.DIM,soldo-DIMmasc,.DIM,soldo-DIM,soldin,TBD,,,masc,,
,,,solemasc,,sole,sol,e,,III,masc,,
,tickle,tickle,solleticomasc,TICKLE,solletico,solletic,o,,II,masc,,
,LONE,LONE,,,solo,sol,,,,,,
,SISTER,SISTER.DIM,sorella-DIMfem,SISTER.DIM,sorella-DIM,sorellin,TBD,,,fem,ANIM,+FEM
,subway,subway,sottopassaggiomasc,SUBWAY,sottopassaggio,sottopassaggi,o,,II,masc,,
,subway,subway,sottopassaggiomasc,SUBWAY,sottopassaggio,sottopassagg,o,,II,masc,,
,sword,sword,spadafem,SWORD,spada,spad,a,,I,fem,,
,string,string,spagomasc,STRING,spago,spag,o,,II,masc,,
,string,string.DIM,spago-DIMmasc,STRING.DIM,spago-DIM,spaghett,TBD,,,masc,,
,wide_open,wide_open,,,spalancato,spalancat,,,,,,
,shoulder,shoulder,spallafem,SHOULDER,spalla,spall,a,,I,fem,,
,space,space,spaziomasc,SPACE,spazio,spazi,o,,II,masc,,
,,,specchiomasc,,specchio,specchi,o,,II,masc,,
,special,special,,,speciale,special,,,,,,
,kind,kind,speciefem,KIND,specie,specie,-ø,,VI,fem,,
,slice,slice,spicchiomasc,SLICE,spicchio,spicchi,o,,II,masc,,
,,,spinafem,,spina,spin,a,,I,fem,,
,edge,edge,spondafem,EDGE,sponda,spond,a,,I,fem,,
,shop,shop,sportellomasc,SHOP,sportello,sportell,o,,II,masc,,
,SPORTY,SPORTY,,,sportivo,sportiv,,,,,,
,season,season,stagionefem,SEASON,stagione,stagione,-ø,,VI,fem,,
,STAR,STAR,stellafem,STAR,stella,stell,a,,I,fem,,
,STAR,STAR.DIM,stella-DIMfem,STAR.DIM,stella-DIM,stellin,TBD,,,fem,,
,boot,boot,stivalemasc,BOOT,stivale,stival,e,,III,masc,,
,,,storiafem,,storia,stori,a,,I,fem,,
,rag,rag,stracciomasc,RAG,straccio,stracci,o,,II,masc,,
,STRANGE,STRANGE,,,strano,stran,,,,,,
,,,strumentomasc,,strumento,strument,o,,II,masc,,
,ostrich,ostrich,struzzomasc,OSTRICH,struzzo,struzz,o,,II,masc,ANIM,
,toothpick,toothpick,stuzzicadentimasc,TOOTHPICK,stuzzicadenti,stuzzicadenti,-ø,,VI,masc,,
,,,succomasc,,succo,succ,o,,II,masc,,
,sweat,sweat,sudoremasc,SWEAT,sudore,sudor,e,,III,masc,,
,,,suggerimentomasc,,suggerimento,suggeriment,o,,II,masc,,
,turkey,turkey,tacchinomasc,TURKEY,tacchino,tacchin,o,,II,masc,ANIM,
,mole,mole,talpafem,MOLE,talpa,talp,a,,I,fem,,
,mole,mole.DIM,talpa-DIMfem,MOLE.DIM,talpa-DIM,talpin,TBD,,,fem,,
,drum,drum,tamburomasc,DRUM,tamburo,tambur,o,,II,masc,,
,drum,drum.DIM,tamburo-DIMmasc,DRUM.DIM,tamburo-DIM,tamburell,TBD,,,masc,,
,,,tappetomasc,,tappeto,tappet,o,,II,masc,,
,,.DIM,tappeto-DIMmasc,.DIM,tappeto-DIM,tappetin,TBD,,,masc,,
,,,tappomasc,,tappo,tapp,o,,II,masc,,
,,,tartarugafem,,tartaruga,tartarug,a,,I,fem,,
,,.DIM,tartaruga-DIMfem,.DIM,tartaruga-DIM,tartarughin,TBD,,,fem,,
,pocket,pocket,tascafem,POCKET,tasca,tasc,a,,I,fem,,
,key,key,tastomasc,KEY,tasto,tast,o,,II,masc,,
,table,table,tavolafem,TABLE,tavola,tavol,a,,I,fem,,
,table,table,tavolomasc,TABLE,tavolo,tavol,o,,II,masc,,
,tea,tea,tèmasc,TEA,tè,tè,-ø,,VI,masc,,
,,,telecomandomasc,,telecomando,telecomand,o,,II,masc,,
,TELEPHONE,TELEPHONE,telefonomasc,TELEPHONE,telefono,telefon,o,,II,masc,,
,TELEVISION,TELEVISION,televisionefem,TELEVISION,televisione,televisione,-ø,,VI,fem,,
,pencil_sharpener,pencil_sharpener,temperamatitemasc,PENCIL_SHARPENER,temperamatite,temperamatit,e,,III,masc,,
,storm,storm,tempestafem,STORM,tempesta,tempest,a,,I,fem,,
,,,temporalemasc,,temporale,temporal,e,,III,masc,,
,tennis,tennis,tennismasc,TENNIS,tennis,tennis,-ø,,VI,masc,,
,radiator,radiator,termosifonemasc,RADIATOR,termosifone,termosifon,e,,III,masc,,
,ground,ground,terrenomasc,GROUND,terreno,terren,o,,II,masc,,
,skull,skull,teschiomasc,SKULL,teschio,teschi,o,,II,masc,,
,,,testafem,,testa,teston,a,,I,fem,,
,,,testafem,,testa,test,a,,I,fem,,
,tetanus,tetanus,tetanomasc,TETANUS,tetano,tetan,o,,II,masc,,
,roof,roof,tettomasc,ROOF,tetto,tett,o,,II,masc,,
,TIGER,TIGER,tigremasc,TIGER,tigre,tigr,e,,III,masc,ANIM,
,,,tipomasc,,tipo,tip,o,,II,masc,,
,tv,tv,tivùmasc,TV,tivù,tivù,-ø,,VI,masc,,
,CIRCULAR,CIRCULAR,,,tondo,tond,,,,,,
,mouse,mouse,topomasc,MOUSE,topo,top,o,,II,masc,ANIM,
,mouse,mouse.DIM,topo-DIMmasc,MOUSE.DIM,topo-DIM,topolin,TBD,,,masc,ANIM,
,bull,bull,toromasc,BULL,toro,toron,o,,II,masc,ANIM,
,bull,bull,toromasc,BULL,toro,tor,o,,II,masc,ANIM,
,,,torremasc,,torre,torr,e,,III,masc,,
,,,torremasc,,torre,<torr,e,,III,masc,,
,,,torremasc,,torre,torre,-ø,,VI,masc,,
,,,tortafem,,torta,tort,a,,I,fem,,
,turtledove,turtledove,tortorafem,TURTLEDOVE,tortora,tortor,a,,I,fem,ANIM,
,cough,cough,tossefem,COUGH,tosse,tosse,-ø,,VI,fem,,
,,,tramontomasc,,tramonto,tramont,o,,II,masc,,
,,,trappolafem,,trappola,trappol,a,,I,fem,,
,tractor,tractor,trattoremasc,TRACTOR,trattore,trattor,e,,III,masc,,
,tractor,tractor,trattoremasc,TRACTOR,trattore,tra(ttore,e,,III,masc,,
,fine_braid,fine_braid,treccinafem,FINE_BRAID,treccina,treccin,a,,I,fem,,
,,,trenomasc,,treno,tren,o,,II,masc,,
,,.DIM,treno-DIMmasc,.DIM,treno-DIM,trenin,TBD,,,masc,,
,triangle,triangle,triangolomasc,TRIANGLE,triangolo,triangol,o,,II,masc,,
,,,triciclomasc,,triciclo,tricicl,o,,II,masc,,
,SAD,SAD,,,triste,trist,,,,,,
,trumpet,trumpet,trombafem,TRUMPET,tromba,tromb,a,,I,fem,,
,trunk,trunk,troncomasc,TRUNK,tronco,tronc,o,,II,masc,,
,throne,throne,tronomasc,THRONE,trono,tron,o,,II,masc,,
,,,trottolafem,,trottola,trottol,a,,I,fem,,
,,.DIM,trottola-DIMfem,.DIM,trottola-DIM,trottolin,TBD,,,fem,,
,,,tubomasc,,tubo,tub,o,,II,masc,,
,dive,dive,tuffomasc,DIVE,tuffo,tuff,o,,II,masc,,
,,,tutafem,,tuta,tut,a,,I,fem,,
,television,television,tvfem,TELEVISION,tv,tv,-ø,,VI,fem,,
,,,uccellomasc,,uccello,uccellon,o,,II,masc,,
,,,uccellomasc,,uccello,uccell,o,,II,masc,,
,,.DIM,uccello-DIMmasc,.DIM,uccello-DIM,uccellin,TBD,,,masc,,
,hula_hoop,hula_hoop,ulaopmasc,HULA_HOOP,ulaop,ulaop,-ø,,VI,masc,,
,,,unghiafem,,unghia,unghi,a,,I,fem,,
,SINGLE,SINGLE,,,unico,unic,,,,,,
,man,man,uomomasc,MAN,uomo,omon,o,,II,masc,,
,,,uomomasc,,uomo,uom,o,,II,masc,,
,man,man.DIM,uomo-DIMmasc,MAN.DIM,uomo-DIM,omin,TBD,,,masc,,
,,.DIM,uomo-DIMmasc,.DIM,uomo-DIM,uomin,TBD,,,masc,,
,egg,egg,uovamasc,EGG,uova,uov,a,,,masc,,
,egg,egg,uovomasc,EGG,uovo,uov,o,,II,masc,,
,egg,egg.DIM,uovo-DIMmasc,EGG.DIM,uovo-DIM,ovett,TBD,,,masc,,
,,,uvafem,,uva,uv,a,,I,fem,,
,vaccination,vaccination,vaccinazionefem,VACCINATION,vaccinazione,vaccinazione,-ø,,VI,fem,,
,,,valigiafem,,valigia,valigi,a,,I,fem,,
,waltz,waltz,valzermasc,WALTZ,valzer,valzer,-ø,,VI,masc,,
,,,vascafem,,vasca,vasc,a,,I,fem,,
,,,vasomasc,,vaso,vas,o,,II,masc,,
,,.DIM,vaso-DIMmasc,.DIM,vaso-DIM,vasin,TBD,,,masc,,
,,,velomasc,,velo,vel,o,,II,masc,,
,,,ventomasc,,vento,vent,o,,II,masc,,
,GREEN,GREEN,,,verde,verd,,,,,,
,,,verdemasc,,verde,verd,e,,III,masc,,
,,,veritàfem,,verità,verità,-ø,,VI,fem,,
,,,vermemasc,,verme,verm,e,,III,masc,,
,,.DIM,verme-DIMmasc,.DIM,verme-DIM,vermett,TBD,,,masc,,
,REAL,REAL,,,vero,ver,,,,,,
,,,versomasc,,verso,vers,o,,II,masc,,
,wasp,wasp,vespafem,WASP,vespa,vesp,a,,I,fem,ANIM,
,,,vetromasc,,vetro,vetr,o,,II,masc,,
,,,viafem,,via,vi,a,,I,fem,,
,trip,trip,viaggiomasc,TRIP,viaggio,viaggi,o,,II,masc,,
,neighbor,neighbor,vicinofem,NEIGHBOR,vicino,vicin,o,,,fem,ANIM,
,video_camera,video_camera,videocamerafem,VIDEO_CAMERA,videocamera,videocamer,a,,I,fem,,
,,,vigilemasc,,vigile,vigil,e,,III,masc,,
,village,village,villaggiomasc,VILLAGE,villaggio,villaggi,o,,II,masc,,
,wine,wine,vinomasc,WINE,vino,vin,o,,II,masc,,
,violet,violet,,,viola,viola,,,,,,
,,,violafem,,viola,viol,a,,I,fem,,
,,,vitafem,,vita,vit,a,,I,fem,,
,screw,screw,vitefem,SCREW,vite,vit,e,,III,fem,,
,,,vocefem,,voce,voce,-ø,,VI,fem,,
,wheel,wheel,volantemasc,WHEEL,volante,volant,e,,III,masc,,
,fox,fox,volpefem,FOX,volpe,volpe,-ø,,VI,fem,ANIM,
,,,voltafem,,volta,volt,a,,I,fem,,
,frankfurter,frankfurter,wurstelmasc,FRANKFURTER,wurstel,wurstel,-ø,,VI,masc,,
,frankfurter,frankfurter,wurstelmasc,FRANKFURTER,wurstel,guttel,-ø,,VI,masc,,
,backpack,backpack,zainomasc,BACKPACK,zaino,zain,o,,II,masc,,
,leg,leg,zampafem,LEG,zampa,zamp,a,,I,fem,,
,leg,leg.DIM,zampa-DIMfem,LEG.DIM,zampa-DIM,zampett,TBD,,,fem,,
,tusk,tusk,zannafem,TUSK,zanna,zann,a,,I,fem,,
,,,zanzarafem,,zanzara,zanzar,a,,I,fem,,
,uncle,uncle,ziomasc,UNCLE,zio,zi,o,,II,masc,ANIM,-FEM
,uncle,uncle,ziofem,UNCLE,zio,zi,o,,,fem,ANIM,+FEM
,hoof,hoof,zoccolomasc,HOOF,zoccolo,zoccol,o,,II,masc,,
,zoo,zoo,zoomasc,ZOO,zoo,zo,o,,II,masc,,
,pumpkin,pumpkin,zuccafem,PUMPKIN,zucca,zucch,a,,I,fem,,
,pumpkin,pumpkin,zuccafem,PUMPKIN,zucca,zucc,a,,I,fem,,
,flageolet,flageolet,zufolomasc,FLAGEOLET,zufolo,zufol,o,,II,masc,,