delete?,ROOT,ROOT+DIM,unique,UPPER,Italian lemma,Italian stem form,singular affix,pl affix,class,grammatical gender,animate?,feminine?,full numbering,numbering w/ all Ns,numbering excluding phono Ns,nouns only (w/o phono),notes
,LIT,LIT,acceso,LIT,acceso,acces,,,,,,,2,2,1,,
,TALL,TALL,alto,TALL,alto,alt,,,,,,,15,15,2,,
,front,front,anteriore,FRONT,anteriore,anterior,e,,,,,,25,24,3,,
,OPEN,OPEN,aperto,OPEN,aperto,apert,,,,,,,28,27,4,,
,proper,proper,apposito,PROPER,apposito,apposit,,,,,,,29,28,5,,
,ORANGE,ORANGE,arancione,ORANGE,arancione,arancion,e,,,,,,31,30,6,,
,azure,azure,azzurro,AZURE,azzurro,azzurr,,,,,,,50,49,7,,
,FATHER,FATHER,babbomasc,FATHER,babbo,babb,o,,II,masc,,,51,50,8,1,
,WAND,WAND,bacchettafem,WAND,bacchetta,bacchett,a,,I,fem,,,52,51,9,2,
,kiss,kissDIM,bacio-DIMmasc,KISSDIM,bacio-DIM,bacin,o,i,II,masc,,,53,52,10,3,
,luggage_cart,luggage_cart,bagagliaiomasc,LUGGAGE_CART,bagagliaio,bagagliai,o,,II,masc,,,54,53,11,4,
,BATH,BATHDIM,bagno-DIMmasc,BATHDIM,bagno-DIM,bagnett,o,i,II,masc,,,55,54,12,5,
,BATH,BATH,bagnomasc,BATH,bagno,bagn,o,,II,masc,,,56,55,13,6,
,whale,whale,balenafem,WHALE,balena,balen,a,,I,fem,ANIM,,57,56,14,7,
,dancer,dancer,ballerinomasc,DANCER,ballerino,ballerin,o,,II,masc,ANIM,-fem,58,57,15,8,
,DANCE,DANCE,ballomasc,DANCE,ballo,ball,o,,II,masc,,,59,58,16,9,
,BAMBINO,BAMBINO,bambinofem,BAMBINO,bambino,bambin,a,e,I,fem,ANIM,+fem,60,59,17,10,
,BANANA,BANANA,bananafem,BANANA,banana,banan,a,,I,fem,,,62,60,18,11,
,banquet,banquet,banchettomasc,BANQUET,banchetto,banchett,o,,II,masc,,,63,61,19,12,
,BANK,BANK,bancafem,BANK,banca,banc,a,,I,fem,,,64,62,20,13,
,FLAG,FLAGDIM,bandiera-DIMfem,FLAGDIM,bandiera-DIM,bandierin,a,e,I,fem,,,65,63,21,14,
,FLAG,FLAG,bandierafem,FLAG,bandiera,bandier,a,,I,fem,,,66,64,22,15,
,band,band,bandafem,BAND,banda,band,a,,I,fem,?,,67,65,23,16,
,barracks,barracks,baracchinomasc,BARRACKS,baracchino,baracchin,o,,II,masc,,,68,66,24,17,
,beard,beard,barbafem,BEARD,barba,barb,a,,I,fem,,,69,67,25,18,
,BOAT,BOAT,barcafem,BOAT,barca,barc,a,,I,fem,,,70,68,26,19,
,harnessing,harnessing,bardamentomasc,HARNESSING,bardamento,bardament,o,,II,masc,,,71,69,27,20,
,STICK,STICKDIM,bastone-DIMmasc,STICKDIM,bastone-DIM,bastoncin,o,i,II,masc,,,72,70,28,21,
,STICK,STICK,bastonemasc,STICK,bastone,baston,e,,III,masc,,,73,71,29,22,
,base,base,basefem,BASE,base,bas,e,i,III,fem,,,74,72,30,23,
,battle,battle,battagliafem,BATTLE,battaglia,battagli,a,,I,fem,,,75,73,31,24,
,drums,drums,batteriafem,DRUMS,batteria,batteri,a,,I,fem,,,76,74,32,25,
,CARPETBEATER,CARPETBEATER,battipannimasc,CARPETBEATER,battipanni,battipanni,-ø,-ø,VI,masc,,,77,75,33,26,
,BIB,BIB,bavaglinomasc,BIB,bavaglino,bavaglin,o,,II,masc,,,78,76,34,27,
,NICE,NICE,bello,NICE,bello,bell,,,,,,,79,77,35,,
,petrol,petrol,benzinafem,PETROL,benzina,benzin,a,,I,fem,,,80,78,36,28,
,capB,capBDIM,berretto-DIMmasc,CAPBDIM,berretto-DIM,berrettin,o,i,II,masc,,,81,79,37,29,
,capB,capB,berrettomasc,CAPB,berretto,berrett,o,,II,masc,,,82,80,38,30,
,beast,beastDIM,bestia-DIMfem,BEASTDIM,bestia-DIM,bestiolin,a,e,I,fem,ANIM,,83,81,39,31,
,beast,beast,bestiafem,BEAST,bestia,besti,a,,I,fem,ANIM,,84,82,40,32,
,white,white,bianco,WHITE,bianco,bianch,,,,,,,85,83,41,,
,white,white,bianco,WHITE,bianco,bianc,,,,,,,86,84,42,,
,BABYBOTTLE,BABYBOTTLE,biberonmasc,BABYBOTTLE,biberon,biberon,-ø,-ø,VI,masc,,,87,85,43,33,
,DRINKINGGLASS,DRINKINGGLASS,bicchieremasc,DRINKINGGLASS,bicchiere,bicchier,e,,III,masc,,,88,86,44,34,
,BICYCLE,BICYCLE,biciclettafem,BICYCLE,bicicletta,biciclett,a,,I,fem,,,89,87,45,35,
,BIKE,BIKE,bicimasc,BIKE,bici,bici,-ø,-ø,VI,masc,,,90,88,46,36,
,caretaker,caretaker,bidellomasc,CARETAKER,bidello,bidell,o,,II,masc,,,91,89,47,37,
,drumA,drumA,bidonemasc,DRUMA,bidone,bidon,e,,III,masc,,,92,90,48,38,
,TICKET,TICKET,bigliettomasc,TICKET,biglietto,bigliett,o,,II,masc,,,93,91,49,39,
,BABY,BABY,bimbofem,BABY,bimbo,bimb,a,e,I,fem,ANIM,,94,92,50,40,
,ROGUE,ROGUE,birbantemasc,ROGUE,birbante,birbant,e,,III,masc,,,96,93,51,41,
,rascal,rascal,birbafem,RASCAL,birba,birb,a,,I,fem,ANIM,both?,97,94,52,42,
,cheeky,cheeky,,CHEEKY,birichino,birichin,,,,,,,98,95,53,,
,NINEPIN,NINEPIN,birillomasc,NINEPIN,birillo,birill,o,,II,masc,,,99,96,54,43,
,snake,snake,bisciafem,SNAKE,biscia,bisci,a,,I,fem,ANIM,,100,97,55,44,
,BISCUIT,BISCUITDIM,biscotto-DIMmasc,BISCUITDIM,biscotto-DIM,biscottin,o,i,II,masc,,,101,98,56,45,
,BISCUIT,BISCUIT,biscottomasc,BISCUIT,biscotto,biscott,o,,II,masc,,,102,99,57,46,
,bison,bison,bisontemasc,BISON,bisonte,bisont,e,,III,masc,ANIM,,103,100,58,47,
,blitz,blitz,blitzmasc,BLITZ,blitz,blitz,-ø,-ø,VI,masc,,,104,101,59,48,
,blue,blue,,BLUE,blu,blu,ø,ø,,,,,105,102,60,,
,MOUTH,MOUTH,boccafem,MOUTH,bocca,bocc,a,,I,fem,,,106,103,61,49,
,BILL,BILL,bollettafem,BILL,bolletta,bollett,a,,I,fem,,,107,104,62,50,
,aerosol,aerosol,bombolettafem,AEROSOL,bomboletta,bombolett,a,e,I,fem,,,108,105,63,51,
,HANDBAG,HANDBAGDIM,borsa-DIM-DIMfem,HANDBAGDIM,borsa-DIM-DIM,borsettin,a,e,I,fem,,,109,106,64,52,
,WOODS,WOODS,boscomasc,WOODS,bosco,bosc,o,,II,masc,,,110,107,65,53,
,button,buttonDIM,bottone-DIMmasc,BUTTONDIM,bottone-DIM,bottoncin,o,i,II,masc,,,111,108,66,54,
,button,button,bottonemasc,BUTTON,bottone,botton,e,,III,masc,,,112,109,67,55,
,BOTTLE,BOTTLE,bottigliafem,BOTTLE,bottiglia,bottigli,a,,I,fem,,,113,110,68,56,
,blow,blow,bottafem,BLOW,botta,bott,a,,I,fem,,,114,111,69,57,
,garage,garage,boxmasc,GARAGE,box,box,-ø,-ø,VI,masc,,,115,112,70,58,
,arms,arms,bracciomasc,ARMS,braccio,bracci,o,,II,masc,,,116,113,71,59,
,BRAV,BRAV,,BRAV,bravo,brav,,,,,,,117,114,72,,
,crumb,crumbDIM,briciola-DIMfem,CRUMBDIM,briciola-DIM,briciolin,a,e,I,fem,,,118,115,73,60,
,UGGO,UGGO,bruttomasc,UGGO,brutto,brutt,o,i,II,masc,,,119,116,74,61,
,peel,peel,bucciafem,PEEL,buccia,bucci,a,,I,fem,,,120,117,75,62,
,hole,holeDIM,buco-DIMmasc,HOLEDIM,buco-DIM,buchett,o,i,II,masc,,,121,118,76,63,
,hole,hole,bucafem,HOLE,buca,buc,a,,I,fem,,,122,119,77,64,
,hole,hole,bucomasc,HOLE,buco,buc,o,,II,masc,,,123,120,78,65,
,PUDDING,PUDDING,budinomasc,PUDDING,budino,budin,o,,II,masc,,,124,121,79,66,
,DARKNESS,DARKNESS,buiomasc,DARKNESS,buio,bui,o,,II,masc,,,125,122,80,67,
,bulldog,bulldog,bulldogmasc,BULLDOG,bulldog,bulldog,-ø,-ø,VI,masc,ANIM,,126,123,81,68,
,good,good,,GOOD,buono,buon,,,,,,,127,124,82,,
,bus,bus,busmasc,BUS,bus,bus,-ø,-ø,VI,masc,,,128,125,83,69,
,hunter,hunter,cacciatoremasc,HUNTER,cacciatore,cacciator,e,,III,masc,,,129,126,84,70,
,shit,shit,caccafem,SHIT,cacca,cacc,a,,I,fem,,,130,127,85,71,
,dog,dogDIM,cagno-DIMmasc,DOGDIM,cagno-DIM,cagnolin,o,i,II,masc,,,131,128,86,72,
,KICKA,KICKAAUG,calcio-AUGmasc,KICKAAUG,calcio-AUG,calcion,e,i,III,masc,,,132,129,87,73,
,KICKA,KICKA,calciomasc,KICKA,calcio,calci,o,,II,masc,,,133,130,88,74,
,hot,hot,,HOT,caldo,cald,,,,,,,135,131,89,,
,calendar,calendar,calendariomasc,CALENDAR,calendario,calendari,o,,II,masc,,,136,132,90,75,
,trousers,trousers,calzonimasc,TROUSERS,calzoni,calzoni,,,i.pl.tant,masc,,,138,133,91,76,pluralia tantum
,SHIRTB,SHIRTB,camiciafem,SHIRTB,camicia,camici,a,,I,fem,,,142,134,92,77,
,fireplace,fireplace,caminomasc,FIREPLACE,camino,camin,o,,II,masc,,,143,135,93,78,
,TRUCK,TRUCK,camionmasc,TRUCK,camion,camion,-ø,-ø,VI,masc,,,144,136,94,79,
,CAMEL,CAMEL,cammellomasc,CAMEL,cammello,cammell,o,i,II,masc,ANIM,,145,137,95,80,
,BELL,BELL,campanafem,BELL,campana,campan,a,e,I,fem,,,146,138,96,81,
,champion,champion,campionemasc,CHAMPION,campione,campion,e,,III,masc,,,147,139,97,82,
,field,field,campomasc,FIELD,campo,camp,o,,II,masc,,,148,140,98,83,
,canary,canary,canarinomasc,CANARY,canarino,canarin,o,,II,masc,ANIM,,149,141,99,84,
,CANDLE,CANDLEDIM,candela-DIMfem,CANDLEDIM,candela-DIM,candelin,a,e,I,fem,,,150,142,100,85,
,CANDLE,CANDLE,candelafem,CANDLE,candela,candel,a,e,I,fem,,,151,143,101,86,
,basket,basket,canestromasc,BASKET,canestro,canestr,o,,II,masc,,,152,144,102,87,
,kangaroo,kangaroo,canguromasc,KANGAROO,canguro,cangur,o,,II,masc,ANIM,,153,145,103,88,
,CANE,CANE,cannafem,CANE,canna,cann,a,,I,fem,,,154,146,104,89,
,singlet,singlet,canottierafem,SINGLET,canottiera,canottier,a,,I,fem,,,155,147,105,90,
,song,songDIM,canzone-DIMfem,SONGDIM,canzone-DIM,canzoncin,a,e,I,fem,,,156,148,106,91,
,song,song,canzonefem,SONG,canzone,canzon,e,,III,fem,,,157,149,107,92,
,dog,dog,canemasc,DOG,cane,can,e,i,III,masc,ANIM,,158,150,108,93,
,hut,hut,capannafem,HUT,capanna,capann,a,,I,fem,,,159,151,109,94,
,HAIR,HAIR,capellomasc,HAIR,capello,capell,o,i,II,masc,,,160,152,110,95,
,dizziness,dizziness,capogiromasc,DIZZINESS,capogiro,capogir,o,,II,masc,,,161,153,111,96,
,HAT,HAT,cappellomasc,HAT,cappello,cappell,o,,II,masc,,,162,154,112,97,
,GOAT,GOATDIM,capra-DIMfem,GOATDIM,capra-DIM,caprett,a,e,I,fem,ANIM,+fem,163,155,113,98,
,whim,whim,capricciomasc,WHIM,capriccio,capricc,o,,II,masc,,,165,156,114,99,
,somersault,somersault,capriolafem,SOMERSAULT,capriola,capriol,a,,I,fem,,,166,157,115,100,
,CANDY,CANDY,caramellafem,CANDY,caramella,caramell,a,,I,fem,,,167,158,116,101,
,goldfinch,goldfinch,cardellinomasc,GOLDFINCH,cardellino,cardellin,o,,II,masc,ANIM,,168,159,117,102,
,music_box,music_box,carillonmasc,MUSIC_BOX,carillon,carillon,-ø,-ø,VI,masc,,,169,160,118,103,
,MEAT,MEAT,carnefem,MEAT,carne,carn,e,i,III,fem,,,170,161,119,104,t had masculine
,CARROT,CARROT,carotafem,CARROT,carota,carot,a,e,I,fem,,,171,162,120,105,
,trolley,trolley,carrellomasc,TROLLEY,carrello,carrell,o,,II,masc,,,172,163,121,106,
,barrow,barrow,carriolafem,BARROW,carriola,carriol,a,,I,fem,,,173,164,122,107,
,coach,coach,carrozzafem,COACH,carrozza,carrozz,a,,I,fem,,,174,165,123,108,
,pasteboard,pasteboard,cartoncinomasc,PASTEBOARD,cartoncino,cartoncin,o,,II,masc,,,175,166,124,109,
,paper,paperDIM,carta-DIMfem,PAPERDIM,carta-DIM,cartin,a,e,I,fem,,,176,167,125,110,
,paper,paper,cartafem,PAPER,carta,cart,a,e,I,fem,,,177,168,126,111,
,HOUSE,HOUSEDIM,casa-DIMfem,HOUSEDIM,casa-DIM,casett,a,e,I,fem,,,184,169,127,112,
,CASTLE,CASTLE,castellomasc,CASTLE,castello,castell,o,,II,masc,,,186,170,128,113,
,beaver,beaverDIM,castoro-DIMmasc,BEAVERDIM,castoro-DIM,castorin,o,i,II,masc,ANIM,,187,171,129,114,
,beaver,beaver,castoromasc,BEAVER,castoro,castor,o,i,II,masc,ANIM,,188,172,130,115,
,chain,chain,catenafem,CHAIN,catena,caten,a,,I,fem,,,189,173,131,116,
,BAD,BAD,,BAD,cattivo,cattiv,,,,,,,190,174,132,,
,HORSEY,HORSEY,cavallo-AUGmasc,HORSEY,cavallo-AUG,cavallucci,o,i,II,masc,ANIM,,191,175,133,117,
,horse,horseDIM,cavallo-DIMmasc,HORSEDIM,cavallo-DIM,cavallin,o,i,II,masc,ANIM,,192,176,134,118,
,horse,horse,cavallomasc,HORSE,cavallo,cavall,o,,II,masc,ANIM,,193,177,135,119,
,cabbage,cabbageDIM,cavolo-DIMmasc,CABBAGEDIM,cavolo-DIM,cavolett,o,i,II,masc,,,194,178,136,120,
,DINNER,DINNER,cenafem,DINNER,cena,cen,a,e,I,fem,,,195,179,137,121,
,peashooter,peashooter,cerbottanafem,PEASHOOTER,cerbottana,cerbottan,a,,I,fem,,,196,180,138,122,
,ringA,ringA,cerchiomasc,RINGA,cerchio,cerchi,o,,II,masc,,,197,181,139,123,
,BRAIN,BRAIN,cervellomasc,BRAIN,cervello,cervell,o,i/a,II,masc,,,199,182,140,124,
,stag,stag,cervomasc,STAG,cervo,cerv,o,,II,masc,ANIM,,200,183,141,125,
,BASKETBALLPLAYER,BASKETBALLPLAYER,cestistamasc,BASKETBALLPLAYER,cestista,cestist,a,i,IV,masc,ANIM,-fem,201,184,142,126,
,TRASHCAN,TRASHCANDIM,cesto-DIMmasc,TRASHCANDIM,cesto-DIM,cestin,o,i,II,masc,,,202,185,143,127,
,hamper,hamper,cestafem,HAMPER,cesta,cest,a,,I,fem,,,203,186,144,128,
,keyA,keyADIM,chiave-DIMfem,KEYADIM,chiave-DIM,chiavett,a,e,I,fem,,,204,187,145,129,
,keyA,keyA,chiavefem,KEYA,chiave,chiav,e,i,III,fem,,,205,188,146,130,
,corn,corn,chiccomasc,CORN,chicco,chicch,o,i,II,masc,,,206,189,147,131,
,corn,corn,chiccomasc,CORN,chicco,chicc,o,i,II,masc,,,207,190,148,132,
,snailB,snailB,chiocciolafem,SNAILB,chiocciola,chiocciol,a,,I,fem,ANIM,,208,191,149,133,
,NAIL,NAILDIM,chiodo-DIMmasc,NAILDIM,chiodo-DIM,chiodin,o,i,II,masc,,,209,192,150,134,
,guitar,guitar,chitarrafem,GUITAR,chitarra,chitarr,a,,I,fem,,,210,193,151,135,
,SLIPPERB,SLIPPERBDIM,ciabatta-DIMfem,SLIPPERBDIM,ciabatta-DIM,ciabattin,a,e,I,fem,,,211,194,152,136,
,SLIPPERB,SLIPPERB,ciabattafem,SLIPPERB,ciabatta,ciabatt,a,e,I,fem,,,212,195,153,137,
,stork,stork,cicognafem,STORK,cicogna,cicogn,a,,I,fem,ANIM,,213,196,154,138,
,swan,swan,cignomasc,SWAN,cigno,cign,o,,II,masc,ANIM,,214,197,155,139,
,cherry,cherry,ciliegiafem,CHERRY,ciliegia,ciliegi,a,,I,fem,,,215,198,156,140,
,cylinder,cylinder,cilindromasc,CYLINDER,cilindro,cilindr,o,,II,masc,,,216,199,157,141,
,WILDBOAR,WILDBOAR,cinghialemasc,WILDBOAR,cinghiale,cinghial,e,,III,masc,ANIM,,217,200,158,142,
,CITY,CITY,cittàfem,CITY,città,città,-ø,-ø,VI,fem,,,218,201,159,143,
,suck,suckDIM,ciucciata-DIMfem,SUCKDIM,ciucciata-DIM,ciucciatin,a,,I,fem,,,219,202,160,144,
,dummy,dummy,ciucciomasc,DUMMY,ciuccio,ciucci,o,,II,masc,,,220,203,161,145,
,owlA,owlA,civettafem,OWLA,civetta,civett,a,,I,fem,ANIM,,221,204,162,146,
,ladybird,ladybird,coccinellafem,LADYBIRD,coccinella,coccinell,a,,I,fem,ANIM,,222,205,163,147,
,CROCODILE,CROCODILE,coccodrillomasc,CROCODILE,coccodrillo,coccodrill,o,i,II,masc,ANIM,,223,206,164,148,
,coconut,coconut,coccomasc,COCONUT,cocco,cocc,o,,II,masc,,,224,207,165,149,
,cocktail,cocktail,cocktailmasc,COCKTAIL,cocktail,cocktail,-ø,-ø,VI,masc,,,225,208,166,150,
,TAIL,TAILDIM,coda-DIMfem,TAILDIM,coda-DIM,codin,a,e,I,fem,,,226,209,167,151,
,TAIL,TAIL,codafem,TAIL,coda,cod,a,,I,fem,,,227,210,168,152,
,collar,collar,collaremasc,COLLAR,collare,collar,e,,III,masc,,,228,211,169,153,
,collection,collection,collezionefem,COLLECTION,collezione,collezion,e,i,III,fem,,,229,212,170,154,
,NECK,NECKDIM,collo-DIMmasc,NECKDIM,collo-DIM,collett,o,i,II,masc,,,230,213,171,155,
,NECK,NECK,collomasc,NECK,collo,coll,o,,II,masc,,,231,214,172,156,
,pigeon,pigeon,colombomasc,PIGEON,colombo,colomb,o,,II,masc,ANIM,,232,215,173,157,
,column,column,colonnafem,COLUMN,colonna,colonn,a,,I,fem,,,233,216,174,158,
,COLOR,COLOR,coloremasc,COLOR,colore,color,e,,III,masc,,,234,217,175,159,
,KNIFE,KNIFE,coltellomasc,KNIFE,coltello,coltell,o,i,II,masc,,,235,218,176,160,
,COMBAT,COMBAT,combattimentomasc,COMBAT,combattimento,combattiment,o,,II,masc,,,236,219,177,161,t: fight
,combination,combination,combinazionefem,COMBINATION,combinazione,combinazion,e,i,III,fem,,,237,220,178,162,
,BIRTHDAY,BIRTHDAY,compleannomasc,BIRTHDAY,compleanno,compleann,o,i,II,masc,,,238,221,179,163,
,concept,concept,concettomasc,CONCEPT,concetto,concett,o,,II,masc,,,239,222,180,164,
,shell,shell,conchigliafem,SHELL,conchiglia,conchigli,a,,I,fem,,,240,223,181,165,
,rabbit,rabbitDIM,coniglio-DIMmasc,RABBITDIM,coniglio-DIM,conigliett,o,i,II,masc,ANIM,,241,224,182,166,
,rabbit,rabbit,conigliomasc,RABBIT,coniglio,conigli,o,,II,masc,ANIM,,242,225,183,167,
,contour,contour,contornomasc,CONTOUR,contorno,contorn,o,,II,masc,,,244,226,184,168,
,lid,lid,coperchiomasc,LID,coperchio,coperchi,o,,II,masc,,,245,227,185,169,
,BLANKET,BLANKETDIM,coperta-DIMfem,BLANKETDIM,coperta-DIM,copertin,a,e,I,fem,,,246,228,186,170,
,BLANKET,BLANKET,copertafem,BLANKET,coperta,copert,a,,I,fem,,,247,229,187,171,
,SOFACOVER,SOFACOVER,copridivanomasc,SOFACOVER,copridivano,copridivan,o,,II,masc,,,248,230,188,172,
,THINCORD,THINCORD,cordinomasc,THINCORD,cordino,cordin,o,,II,masc,,,249,231,189,173,
,ROPE,ROPE,cordafem,ROPE,corda,cord,a,,I,fem,,,250,232,190,174,
,confetti,confetti,coriandolomasc,CONFETTI,coriandolo,coriandol,o,,II,masc,,,251,233,191,175,
,HORN,HORNDIM,corna-DIMfem,HORNDIM,corna-DIM,cornett,a,e,I,fem,,,252,234,192,176,"tonelli annotated as ""cuckold""?? seems to mean handset (phone) mostly, possibly one case where it means horns (animal)?"
,HORN,HORN,cornafem,HORN,corna,corn,a,,I,fem,,,253,235,193,177,"tonelli annotated as ""cuckold""?? seems to mean handset (phone) mostly, possibly one case where it means horns (animal)?; the plural ambigeneric form!!!"
,horn,horn,cornomasc,HORN,corno,corn,o,i/a,II,masc,,,254,236,194,178,the singular ambigeneric form!!!
,crown,crownDIM,corona-DIMfem,CROWNDIM,corona-DIM,coroncin,a,e,I,fem,,,255,237,195,179,
,crown,crown,coronafem,CROWN,corona,coron,a,,I,fem,,,256,238,196,180,
,body,body,corpomasc,BODY,corpo,corp,o,,II,masc,,,257,239,197,181,
,CORRIDOR,CORRIDOR,corridoiomasc,CORRIDOR,corridoio,corridoi,o,,II,masc,,,258,240,198,182,
,RUN,RUNDIM,corsa-DIMfem,RUNDIM,corsa-DIM,corsett,a,e,I,fem,,,259,241,199,183,
,SHORT,SHORT,,SHORT,corto,cort,,,,,,,262,242,200,,
,crow,crow,corvomasc,CROW,corvo,corv,o,,II,masc,ANIM,,263,243,201,184,
,construction,construction,costruzionefem,CONSTRUCTION,costruzione,costruzion,e,,III,fem,,,266,244,202,185,
,sheaf,sheaf,covonemasc,SHEAF,covone,covon,e,,III,masc,,,267,245,203,186,
,crest,crest,crestafem,CREST,cresta,crest,a,,I,fem,,,268,246,204,187,
,hamster,hamster,cricetomasc,HAMSTER,criceto,cricet,o,,II,masc,ANIM,,269,247,205,188,
,CROSS,CROSS,crocemasc,CROSS,croce,croc,e,i,III,masc,,,270,248,206,189,
,CUBE,CUBE,cubomasc,CUBE,cubo,cub,o,i,II,masc,,,271,249,207,190,
,teaspoon,teaspoon,cucchiainomasc,TEASPOON,cucchiaino,cucchiain,o,,II,masc,,,272,250,208,191,
,pup,pupDIM,cucciolo-DIMmasc,PUPDIM,cucciolo-DIM,cucciolott,o,i,II,masc,ANIM,,273,251,209,192,
,pup,pup,cucciolomasc,PUP,cucciolo,cucciol,o,,II,masc,ANIM,,274,252,210,193,
,cuckoo,cuckoo,cucùmasc,CUCKOO,cucù,cucù,-ø,,VI,masc,ANIM,,275,253,211,194,
,COUSIN,COUSIN,cuginafem,COUSIN,cugina,cugin,a,e,I,fem,ANIM,+fem,276,254,212,195,
,CULTURE,CULTURE,culturafem,CULTURE,cultura,cultur,a,e,I,fem,,,277,255,213,196,
,curiosity,curiosity,curiositàfem,CURIOSITY,curiosità,curiosità,-ø,,VI,fem,,,278,256,214,197,
,curve,curve,curvafem,CURVE,curva,curv,a,,I,fem,,,279,257,215,198,
,CASE,CASE,custodiafem,CASE,custodia,custodi,a,,I,fem,,,280,258,216,199,tonnelli marked as 'custody' but it's the casette case
,keeper,keeper,custodemasc,KEEPER,custode,custod,e,,III,masc,ANIM,-fem,281,259,217,200,
,FINGER,FINGER,dadomasc,FINGER,dado,dad,o,,II,masc,,,282,260,218,201,
,decent,decent,,DECENT,decente,decent,e,,,,,,283,261,219,,
,dolphin,dolphin,delfinomasc,DOLPHIN,delfino,delfin,o,,II,masc,ANIM,,284,262,220,202,
,tooth,tooth,dentemasc,TOOTH,dente,dent,e,,III,masc,,,285,263,221,203,
,DIFFERENCE,DIFFERENCE,differenzafem,DIFFERENCE,differenza,differenz,a,,I,fem,,,286,264,222,204,
,DIFFICULT,DIFFICULT,,DIFFICULT,difficile,difficil,e,,,,,,287,265,223,,
,demonstration,demonstration,dimostrazionefem,DEMONSTRATION,dimostrazione,dimostrazion,e,i,III,fem,,,288,266,224,205,
,dinosaur,dinosaur,dinosauromasc,DINOSAUR,dinosauro,dinosaur,o,,II,masc,ANIM,,289,267,225,206,
,disgrace,disgrace,disastromasc,DISGRACE,disastro,disastr,o,,II,masc,,,290,268,226,207,
,diskette,diskette,dischettomasc,DISKETTE,dischetto,dischett,o,,II,masc,,,291,269,227,208,
,disk,disk,discomasc,DISK,disco,disc,o,,II,masc,,,292,270,228,209,
,DRAWING,DRAWING,disegnomasc,DRAWING,disegno,disegn,o,i,II,masc,,,293,271,229,210,
,finger,fingerDIM,dito-DIMmasc,FINGERDIM,dito-DIM,ditin,o,,II,masc,,,294,272,230,211, “le ditina” 167; “le ditine” 218; e “i ditini” 801
,finger,finger,ditomasc,FINGER,dito,dit,o,,II,masc,,,295,273,231,212,
,wandering,wandering,divagazionefem,WANDERING,divagazione,divagazion,e,i,III,fem,,,296,274,232,213,
,SOFA,SOFA,divanomasc,SOFA,divano,divan,o,i,II,masc,,,297,275,233,214,
,DIFFERENT,DIFFERENT,,DIFFERENT,diverso,divers,,,,,,,298,276,234,,
,SHOWER,SHOWER,docciafem,SHOWER,doccia,docci,a,e,I,fem,,,299,277,235,215,
,document,document,documentomasc,DOCUMENT,documento,document,o,,II,masc,,,300,278,236,216,
,SWEET,SWEETDIM,dolce-DIMmasc,SWEETDIM,dolce-DIM,dolcett,o,i,II,masc,,,301,279,237,217,
,SWEET,SWEET,dolcemasc,SWEET,dolce,dolc,e,,III,masc,,,302,280,238,218,
,QUESTION,QUESTION,domandafem,QUESTION,domanda,domand,a,e,I,fem,,,303,281,239,219,
,SWING,SWING,dondolomasc,SWING,dondolo,dondol,o,i,II,masc,,,304,282,240,220,
,double,double,,DOUBLE,doppio,doppi,,,,,,,305,283,241,,
,doctoress,doctoress,dottoressafem,DOCTORESS,dottoressa,dottoress,a,,I,fem,ANIM,+fem,306,284,242,221,
,dragon,dragonDIM,drago-DIMmasc,DRAGONDIM,drago-DIM,draghett,o,i,II,masc,ANIM,,307,285,243,222,
,straight,straight,,STRAIGHT,dritto,dritt,,,,,,,308,286,244,,
,dromedary,dromedary,dromedariomasc,DROMEDARY,dromedario,dromedari,o,,II,masc,ANIM,,309,287,245,223,
,duel,duel,duellomasc,DUEL,duello,duell,o,,II,masc,,,310,288,246,224,
,FACE,FACE,facciafem,FACE,faccia,facci,a,e,I,fem,,,323,301,247,225,
,bundle,bundleDIM,fagotto-DIMmasc,BUNDLEDIM,fagotto-DIM,fagottin,o,i,II,masc,,,324,302,248,226,
,mower,mower,falciatricefem,MOWER,falciatrice,falciatric,e,i,III,fem,,,325,303,249,227,
,family,family,famigliafem,FAMILY,famiglia,famigli,a,,I,fem,,,326,304,250,228,
,ghost,ghostDIM,fantasma-DIMmasc,GHOSTDIM,fantasma-DIM,fantasmin,o,i,II,masc,ANIM,,327,305,251,229,
,ghost,ghost,fantasmamasc,GHOST,fantasma,fantasm,a,i,IV,masc,ANIM,,328,306,252,230,
,fanciful,fanciful,,FANCIFUL,fantastico,fantastic,,,,,,,329,307,253,,
,jack,jack,fantemasc,JACK,fante,fant,e,i,III,masc,,,330,308,254,231,card games Jack
,BUTTERFLY,BUTTERFLY,farfallafem,BUTTERFLY,farfalla,farfall,a,e,I,fem,ANIM,,331,309,255,232,
,pharmacy,pharmacy,farmaciafem,PHARMACY,farmacia,farmaci,a,,I,fem,,,332,310,256,233,
,lighthouse,lighthouse,faromasc,LIGHTHOUSE,faro,far,o,,II,masc,,,333,311,257,234,
,changing_table,changing_table,fasciatoiomasc,CHANGING_TABLE,fasciatoio,fasciatoi,o,,II,masc,,,334,312,258,235,
,phase,phase,fasefem,PHASE,fase,fas,e,i,III,fem,,,335,313,259,236,
,farm,farm,fattoriafem,FARM,fattoria,fattori,a,,I,fem,,,336,314,260,237,
,fairy,fairy,fatafem,FAIRY,fata,fat,a,,I,fem,ANIM,+fem,337,315,261,238,
,HANDKERCHIEF,HANDKERCHIEFDIM,fazzoletto-DIMmasc,HANDKERCHIEFDIM,fazzoletto-DIM,fazzolettin,o,i,II,masc,,,338,316,262,239,
,HANDKERCHIEF,HANDKERCHIEF,fazzolettomasc,HANDKERCHIEF,fazzoletto,fazzolett,o,i,II,masc,,,339,317,263,240,
,female,femaleAUG,femmina-AUGfem,FEMALEAUG,femmina-AUG,femminucci,a,e,I,fem,ANIM,+fem,340,318,264,241,
,flamingo,flamingo,fenicotteromasc,FLAMINGO,fenicottero,fenicotter,o,,II,masc,ANIM,,341,319,265,242,
,STILL,STILL,,STILL,fermo,ferm,,,,,,,342,320,266,,
,ferocious,ferocious,,FEROCIOUS,feroce,feroc,e,,,,,,343,321,267,,
,festoon,festoon,festonemasc,FESTOON,festone,feston,e,,III,masc,,,344,322,268,243,
,FEAST,FEAST,festafem,FEAST,festa,fest,a,e,I,fem,,,345,323,269,244,
,breathlessness,breathlessness,fiatonemasc,BREATHLESSNESS,fiatone,fiaton,e,,III,masc,,,346,324,270,245,
,hay,hay,fienomasc,HAY,fieno,fien,o,,II,masc,,,347,325,271,246,
,FAIR,FAIR,fierafem,FAIR,fiera,fier,a,e,I,fem,,,348,326,272,247,
,OFFSPRING,OFFSPRINGDIM,figlio-DIMmasc,OFFSPRINGDIM,figlio-DIM,figliolett,o,i,II,masc,ANIM,-fem,349,327,273,248,son
,OFFSPRING,OFFSPRING,figliafem,OFFSPRING,figlia,figli,a,,I,fem,ANIM,+fem,350,328,274,249,daughter
,FIGURE,FIGURE,figurafem,FIGURE,figura,figur,a,e,I,fem,,,352,329,275,250,
,NURSERYRHYME,NURSERYRHYME,filastroccafem,NURSERYRHYME,filastrocca,filastrocc,a,,I,fem,,,353,330,276,251,
,stringy,stringy,,STRINGY,filante,filant,e,,,,,,355,331,277,,
,VEHICLEWINDOW,VEHICLEWINDOW,finestrinomasc,VEHICLEWINDOW,finestrino,finestrin,o,i,II,masc,,,357,332,278,252,window
,window,window,finestrafem,WINDOW,finestra,finestr,a,e,I,fem,,,358,333,279,253,
,end,end,finefem,END,fine,fin,e,i,III,fem,,,359,334,280,254,
,FINE,FINE,,FINE,fino,fin,,,,,,,360,335,281,,
,FAKE,FAKE,,FAKE,finto,fint,,,,,,,361,336,282,,
,RIBBON,RIBBONDIMDIM,fiocco-DIM-DIMmasc,RIBBONDIMDIM,fiocco-DIM-DIM,fiocchettin,o,i,II,masc,,,362,337,283,255,
,RIBBON,RIBBONDIM,fiocco-DIMmasc,RIBBONDIM,fiocco-DIM,fiocchett,o,i,II,masc,,,363,338,284,256,
,flower,flower,fioremasc,FLOWER,fiore,fior,e,i,III,masc,,,364,339,285,257,
,accordion,accordion,fisarmonicafem,ACCORDION,fisarmonica,fisarmonic,a,,I,fem,,,365,340,286,258,
,whistle,whistle,fischiettomasc,WHISTLE,fischietto,fischiett,o,,II,masc,,,366,341,287,259,
,thick,thick,,THICK,fitto,fitt,,,,,,,367,342,288,,
,RIVER,RIVER,fiumemasc,RIVER,fiume,fium,e,i,III,masc,,,368,343,289,260,
,flash,flash,flashmasc,FLASH,flash,flash,-ø,-ø,VI,masc,,,369,344,290,261,
,flute,flute,flautomasc,FLUTE,flauto,flaut,o,,II,masc,,,370,345,291,262,
,seal,seal,focafem,SEAL,foca,foc,a,e,I,fem,ANIM,,371,346,292,263,"mammal (foche, but no plural)"
,sheetA,sheetA,fogliomasc,SHEETA,foglio,fogli,o,,II,masc,,,372,347,293,264,
,hairdryer,hairdryer,fonmasc,HAIRDRYER,fon,fon,-ø,-ø,VI,masc,,,373,348,294,265,
,fondamental,fondamental,,FONDAMENTAL,fondamentale,fondamental,e,,,,,,374,349,295,,
,bottom,bottom,fondomasc,BOTTOM,fondo,fond,o,,II,masc,,,375,350,296,266,
,SCISSOR,SCISSOR,forbicefem,SCISSOR,forbice,forbic,e,i,III,fem,,,376,351,297,267,
,pitchfork,pitchfork,forcafem,PITCHFORK,forca,forc,a,,I,fem,,,377,352,298,268,
,MOLD,MOLDDIM,forma-DIMfem,MOLDDIM,forma-DIM,formin,a,e,I,fem,,,378,353,299,269,mold for making things into a shape
,cheese,cheese,formaggiomasc,CHEESE,formaggio,formaggi,o,,II,masc,,,379,354,300,270,
,ant,ant,formicafem,ANT,formica,formic,a,e,I,fem,ANIM,,380,355,301,271,
,BAKER,BAKER,fornaiomasc,BAKER,fornaio,fornai,o,i,II,masc,ANIM,+fem,381,356,302,272,
,FORCE,FORCE,forzafem,FORCE,forza,forz,a,e,I,fem,,,382,357,303,273,
,photographic,photographic,,PHOTOGRAPHIC,fotografico,fotografic,,,,,,,383,358,304,,
,PHOTOGRAPH,PHOTOGRAPH,fotografiafem,PHOTOGRAPH,fotografia,fotografi,a,,I,fem,,,384,359,305,274,
,PHOTO,PHOTO,fotomasc,PHOTO,foto,fot,o,,II,masc,,,385,360,306,275,
,STRAWBERRY,STRAWBERRYDIM,fragola-DIMfem,STRAWBERRYDIM,fragola-DIM,fragolin,a,e,I,fem,,,386,361,307,276,
,STRAWBERRY,STRAWBERRY,fragolafem,STRAWBERRY,fragola,fragol,a,e,I,fem,,,387,362,308,277,
,BROTHERDIM,BROTHERDIMDIM,frate-DIM-DIMmasc,BROTHERDIMDIM,frate-DIM-DIM,fratellin,o,i,II,masc,ANIM,-fem,388,363,309,278,
,BROTHER,BROTHERDIM,frate-DIMmasc,BROTHERDIM,frate-DIM,fratell,o,i,II,masc,ANIM,-fem,389,364,310,279,
,frisby,frisby,frisbymasc,FRISBY,frisby,frisby,-ø,-ø,VI,masc,,,390,365,311,280,
,RIDINGWHIP,RIDINGWHIP,frustinomasc,RIDINGWHIP,frustino,frustin,o,,II,masc,,,391,366,312,281,
,FRUIT,FRUIT,fruttafem,FRUIT,frutta,frutt,a,e,I,fem,,,392,367,313,282,
,gun,gun,fucilemasc,GUN,fucile,fucil,e,i,III,masc,,,393,368,314,283,
,SMOKE,SMOKE,fumomasc,SMOKE,fumo,fum,o,i,II,masc,,,394,369,315,284,
,mushroom,mushroom,fungomasc,MUSHROOM,fungo,fungh,o,i,II,masc,,,395,370,316,285,
,mushroom,mushroom,fungomasc,MUSHROOM,fungo,fung,o,i,II,masc,,,396,371,317,286,
,FIRE,FIRE,fuocomasc,FIRE,fuoco,fuoc,o,i,II,masc,,,397,372,318,287,
,CAGE,CAGE,gabbiafem,CAGE,gabbia,gabbi,a,e,I,fem,,,398,373,319,288,
,galleon,galleon,galeonemasc,GALLEON,galeone,galeon,e,i,III,masc,,,399,374,320,289,
,floating,floating,galleggiantemasc,FLOATING,galleggiante,galleggiant,e,i,III,masc,,,400,375,321,290,
,tunnel,tunnel,galleriafem,TUNNEL,galleria,galleri,a,,I,fem,,,401,376,322,291,
,HEN,HEN,gallinafem,HEN,gallina,gallin,a,e,I,fem,ANIM,+fem,402,377,323,292,
,ROOSTER,ROOSTER,gallomasc,ROOSTER,gallo,gall,o,i,II,masc,ANIM,-fem,403,378,324,293,
,LEG,LEGDIM,gamba-DIMfem,LEGDIM,gamba-DIM,gambett,a,e,I,fem,,,404,379,325,294,
,COMPETITION,COMPETITION,garafem,COMPETITION,gara,gar,a,e,I,fem,,,407,380,326,295,
,CAT,CATDIM,gatto-DIMmasc,CATDIM,gatto-DIM,gattin,o,i,II,masc,ANIM,,408,381,327,296,
,CAT,CAT,gattomasc,CAT,gatto,gatt,o,i,II,masc,ANIM,,409,382,328,297,
,magpie,magpie,gazzafem,MAGPIE,gazza,gazz,a,e,I,fem,ANIM,,410,383,329,298,
,ICECREAMPARLOR,ICECREAMPARLOR,gelateriafem,ICECREAMPARLOR,gelateria,gelateri,a,e,I,fem,,,411,384,330,299,
,ICECREAM,ICECREAM,gelatomasc,ICECREAM,gelato,gelat,o,,II,masc,,,412,385,331,300,
,token,token,gettonemasc,TOKEN,gettone,getton,e,,III,masc,,,413,386,332,301,
,jacket,jacketDIM,giacca-DIMfem,JACKETDIM,giacca-DIM,giacchett,a,e,I,fem,,,414,387,333,302,
,jacket,jacket,giaccafem,JACKET,giacca,giacc,a,e,I,fem,,,415,388,334,303,
,YELLOW,YELLOW,,YELLOW,giallo,giall,,,,,,,416,389,335,,
,GARDEN,GARDEN,giardinomasc,GARDEN,giardino,giardin,o,i,II,masc,,,417,390,336,304,
,gigantic,gigantic,,GIGANTIC,gigantesco,gigantesc,,,,,,,418,391,337,,
,GYMNASTICS,GYMNASTICS,ginnasticafem,GYMNASTICS,ginnastica,ginnastic,a,e,I,fem,,,419,392,338,305,
,knee,knee,ginocchiomasc,KNEE,ginocchio,ginocchi,o,,II,masc,,,420,393,339,306,
,TOY,TOY,giocattolomasc,TOY,giocattolo,giocattol,o,,II,masc,,,422,394,340,307,
,PASTIME,PASTIME,giochinomasc,PASTIME,giochino,giochin,o,i,II,masc,,,423,395,341,308,
,GAMEB,GAMEB,giocomasc,GAMEB,gioco,gioc,o,i,II,masc,,,424,396,342,309,
,NEWSPAPER,NEWSPAPER,giornalemasc,NEWSPAPER,giornale,giornal,e,i,III,masc,,,425,397,343,310,
,DAYA,DAYA,giornatafem,DAYA,giornata,giornat,a,e,I,fem,,,426,398,344,311,
,DAYB,DAYB,giornomasc,DAYB,giorno,giorn,o,i,II,masc,,,427,399,345,312,
,CAROUSEL,CAROUSEL,giostrafem,CAROUSEL,giostra,giostr,a,e,I,fem,,,428,400,346,313,
,GIRAFFE,GIRAFFE,giraffafem,GIRAFFE,giraffa,giraff,a,,I,fem,ANIM,,429,401,347,314,
,gameA,gameA,girotondomasc,GAMEA,girotondo,girotond,o,,II,masc,,,430,402,348,315,
,STROLL,STROLL,girettomasc,STROLL,giretto,girett,o,i,II,masc,,,431,403,349,316,giro.dim
,TURN,TURN,giromasc,TURN,giro,gir,o,i,II,masc,,,432,404,350,317,
,trip,trip,gitafem,TRIP,gita,git,a,,I,fem,,,433,405,351,318,
,jungle,jungle,giunglafem,JUNGLE,giungla,giungl,a,,I,fem,,,434,406,352,319,
,RIGHT,RIGHT,,RIGHT,giusto,giust,,,,,,,435,407,353,,
,elbow,elbow,gomitomasc,ELBOW,gomito,gomit,o,,II,masc,,,438,408,354,320,
,barn,barn,granaiomasc,BARN,granaio,granai,o,,II,masc,,,439,409,355,321,
,big,big,,BIG,grande,grand,e,,,,,,440,410,356,,
,big,bigAUG,,BIGAUG,grande-AUG,grandissim,,,,,,,441,411,357,,
,wheat,wheat,granomasc,WHEAT,grano,gran,o,,II,masc,,,442,412,358,322,
,bunchA,bunchA,grappolomasc,BUNCHA,grappolo,grappol,o,,II,masc,,,443,413,359,323,
,grey,grey,,GREY,grigio,grigi,,,,,,,444,414,360,,
,grey,greyDIM,,GREYDIM,grigio-DIM,grigett,,,,,,,445,415,361,,
,trigger,trigger,grillettomasc,TRIGGER,grilletto,grillett,o,,II,masc,,,446,416,362,324,
,cricket,cricket,grillomasc,CRICKET,grillo,grill,o,,II,masc,ANIM,,447,417,363,325,
,LARGE,LARGE,,LARGE,grosso,gross,,,,,,,448,418,364,,
,cheek,cheek,guanciafem,CHEEK,guancia,guanci,a,,I,fem,,,449,419,365,326,
,GLOVE,GLOVEAUG,guanto-AUGmasc,GLOVEAUG,guanto-AUG,guanton,e,i,III,masc,,,451,420,366,327,
,GLOVE,GLOVE,guantomasc,GLOVE,guanto,guant,o,i,II,masc,,,452,421,367,328,
,owlB,owlB,gufomasc,OWLB,gufo,guf,o,,II,masc,ANIM,,453,422,368,329,
,GUIDE,GUIDE,guidafem,GUIDE,guida,guid,a,e,I,fem,,,454,423,369,330,
,leash,leash,guinzagliomasc,LEASH,guinzaglio,guinzagli,o,,II,masc,,,455,424,370,331,
,FLAVOR,FLAVOR,gustomasc,FLAVOR,gusto,gust,o,i,II,masc,,,456,425,371,332,
,infernal,infernal,,INFERNAL,infernale,infernal,e,,,,,,461,430,372,,
,kazoo,kazoo,kazoomasc,KAZOO,kazoo,kazoo,-ø,-ø,VI,masc,,,465,434,373,333,
,lake,lake,lagomasc,LAKE,lago,lagh,o,,II,masc,,,466,435,374,334,
,LIGHTBULB,LIGHTBULB,lampadinafem,LIGHTBULB,lampadina,lampadin,a,e,I,fem,,,467,436,375,335,
,LAMP,LAMP,lampadafem,LAMP,lampada,lampad,a,e,I,fem,,,468,437,376,336,
,raspberryA,raspberryA,lamponemasc,RASPBERRYA,lampone,lampon,e,,III,masc,,,469,438,377,337,
,BROAD,BROAD,,BROAD,largo,larg,,,,,,,470,439,378,,
,tin,tinDIM,latta-DIMfem,TINDIM,latta-DIM,lattin,a,e,I,fem,,,471,440,379,338,
,milk,milk,lattemasc,MILK,latte,latt,e,,III,masc,,,472,441,380,339,
,WORK,WORK,lavoromasc,WORK,lavoro,lavor,o,i,II,masc,,,473,442,381,340,
,LENS,LENS,lentemasc,LENS,lente,lent,e,i,III,masc,,,474,443,382,341,
,SHEETB,SHEETB,lenzuolomasc,SHEETB,lenzuolo,lenzuol,o,i/a,II / V,masc,,,475,444,383,342,lenzuola (f.pl) is 'bedsheets'
,FISHINGLINE,FISHINGLINE,lenzafem,FISHINGLINE,lenza,lenz,a,,I,fem,,,476,445,384,343,
,LION,LIONDIM,leone-DIMmasc,LIONDIM,leone-DIM,leoncin,o,i,II,masc,ANIM,,477,446,385,344,
,lioness,lioness,leonessafem,LIONESS,leonessa,leoness,a,,I,fem,ANIM,+fem,478,447,386,345,
,LION,LION,leonemasc,LION,leone,leon,e,,III,masc,ANIM,,479,448,387,346,
,leveret,leveret,leprottomasc,LEVERET,leprotto,leprott,o,,II,masc,,,480,449,388,347,
,hare,hare,leprefem,HARE,lepre,lepr,e,i,III,fem,ANIM,,481,450,389,348,
,BED,BEDAUG,letto-AUGmasc,BEDAUG,letto-AUG,letton,e,i,III,masc,,,482,451,390,349,
,BED,BEDDIM,letto-DIMmasc,BEDDIM,letto-DIM,lettin,o,i,II,masc,,,483,452,391,350,
,reader,reader,lettoremasc,READER,lettore,lettor,e,,III,masc,ANIM,-fem,484,453,392,351,
,BED,BED,lettomasc,BED,letto,lett,o,,II,masc,,,485,454,393,352,
,LESSON,LESSON,lezionefem,LESSON,lezione,lezion,e,i,III,fem,,,486,455,394,353,
,BOOK,BOOKAUG,libro-AUGmasc,BOOKAUG,libro-AUG,libron,e,i,III,masc,,,487,456,395,354,
,BOOK,BOOKDIM,libro-DIMmasc,BOOKDIM,libro-DIM,librett,o,i,II,masc,,,488,457,396,355,
,BOOK,BOOK,libromasc,BOOK,libro,libr,o,,II,masc,,,489,458,397,356,
,LINEA,LINEA,lineafem,LINEA,linea,line,a,e,I,fem,,,490,459,398,357,
,TONGUE,TONGUEDIM,lingua-DIMfem,TONGUEDIM,lingua-DIM,linguett,a,e,I,fem,,,491,460,399,358,
,TONGUE,TONGUE,linguafem,TONGUE,lingua,lingu,a,e,I,fem,,,492,461,400,359,
,locomotive,locomotive,locomotivafem,LOCOMOTIVE,locomotiva,locomotiv,a,,I,fem,,,493,462,401,360,
,earthworm,earthworm,lombricomasc,EARTHWORM,lombrico,lombric,o,,II,masc,ANIM,,494,463,402,361,
,FIGHT,FIGHT,lottafem,FIGHT,lotta,lott,a,e,I,fem,,,495,464,403,362,
,LIZARD,LIZARD,lucertolafem,LIZARD,lucertola,lucertol,a,e,I,fem,ANIM,,496,465,404,363,
,light,light,lucefem,LIGHT,luce,luc,e,i,III,fem,,,497,466,405,364,
,snailA,snailADIM,lumaca-DIMfem,SNAILADIM,lumaca-DIM,lumachin,a,e,I,fem,ANIM,,498,467,406,365,
,snailA,snailA,lumacafem,SNAILA,lumaca,lumach,a,,I,fem,ANIM,,499,468,407,366,
,snailA,snailA,lumacafem,SNAILA,lumaca,lumac,a,,I,fem,ANIM,,500,469,408,367,
,MOON,MOON,lunafem,MOON,luna,lun,a,e,I,fem,,,501,470,409,368,
,LONG,LONG,,LONG,lungo,lungh,,,,,,,502,471,410,,
,LONG,LONG,,LONG,lungo,lung,,,,,,,503,472,411,,
,wolf,wolf,lupomasc,WOLF,lupo,lup,o,,II,masc,ANIM,,504,473,412,369,
,CAR,CARDIM,macchina-DIMfem,CARDIM,macchina-DIM,macchinin,a,e,I,fem,,,505,474,413,370,
,MACHINE,MACHINEDIM,macchina-DIMfem,MACHINEDIM,macchina-DIM,macchinett,a,e,I,fem,,,506,475,414,371,
,CAR,CAR,macchinafem,CAR,macchina,macchin,a,,I,fem,,,507,476,415,372,
,stain,stainDIM,macchia-DIMfem,STAINDIM,macchia-DIM,macchiolin,a,e,I,fem,,,508,477,416,373,
,stain,stain,macchiafem,STAIN,macchia,macchi,a,,I,fem,,,509,478,417,374,
,FRUITSALAD,FRUITSALAD,macedoniafem,FRUITSALAD,macedonia,macedoni,a,e,I,fem,,,510,479,418,375,
,TEACHER,TEACHER,maestromasc,TEACHER,maestro,maestr,o,i,II,masc,ANIM,-fem,511,480,419,376,
,magic,magic,,MAGIC,magico,magic,,,,,,,512,481,420,,
,SHIRTA,SHIRTADIM,maglia-DIMfem,SHIRTADIM,maglia-DIM,magliett,a,e,I,fem,,,513,482,421,377,t: stitch.DIM (but it's a tshirt)
,SHIRTA,SHIRTA,magliafem,SHIRTA,maglia,magli,a,e,I,fem,,,514,483,422,378,t: stitch (but it's a shirt)
,pig,pigDIM,maiale-DIMmasc,PIGDIM,maiale-DIM,maialin,o,i,II,masc,ANIM,,515,484,423,379,
,pig,pig,maialemasc,PIG,maiale,maial,e,i,III,masc,ANIM,,516,485,424,380,
,maize,maize,maismasc,MAIZE,mais,mais,-ø,-ø,VI,masc,,,517,486,425,381,
,illness,illness,malattiafem,ILLNESS,malattia,malatti,a,,I,fem,,,518,487,426,382,
,MOTHER,MOTHER,mammafem,MOTHER,mamma,mamm,a,e,I,fem,ANIM,+fem,519,488,427,383,
,missing,missing,,MISSING,mancante,mancant,e,,,,,,520,489,428,,
,FIREEATER,FIREEATER,mangiafuocomasc,FIREEATER,mangiafuoco,mangiafuoc,o,,II,masc,,,521,490,429,384,
,sleeve,sleeve,manicafem,SLEEVE,manica,manich,a,,I,fem,,,522,491,430,385,
,handleA,handleA,manigliafem,HANDLEA,maniglia,manigli,a,,I,fem,,,523,492,431,386,
,handleB,handleB,manopolafem,HANDLEB,manopola,manopol,a,,I,fem,,,524,493,432,387,
,handlebar,handlebar,manubriomasc,HANDLEBAR,manubrio,manubri,o,,II,masc,,,525,494,433,388,
,hand,handDIM,mano-DIMfem,HANDDIM,mano-DIM,manin,a,e,I,fem,,,526,495,434,389,
,hand,hand,manofem,HAND,mano,man,o,i,II,fem,,,527,496,435,390,
,brand,brand,marcafem,BRAND,marca,marc,a,,I,fem,,,528,497,436,391,
,tide,tide,mareafem,TIDE,marea,mare,a,e,I,fem,,,529,498,437,392,
,margin,margin,marginemasc,MARGIN,margine,margin,e,,III,masc,,,530,499,438,393,
,puppet,puppet,marionettafem,PUPPET,marionetta,marionett,a,,I,fem,,,531,500,439,394,
,SEA,SEA,maremasc,SEA,mare,mar,e,i,III,masc,,,532,501,440,395,
,BROWN,BROWN,,BROWN,marrone,marron,e,,,,,,533,502,441,,
,MASK,MASK,mascherafem,MASK,maschera,mascher,a,e,I,fem,,,534,503,442,396,
,MALE,MALEDIM,maschio-DIMmasc,MALEDIM,maschio-DIM,maschiett,o,i,II,masc,ANIM,-fem,535,504,443,397,
,MALE,MALE,maschiomasc,MALE,maschio,maschi,o,,II,masc,ANIM,-fem,536,505,444,398,
,PENCIL,PENCIL,matitafem,PENCIL,matita,matit,a,e,I,fem,,,537,506,445,399,
,stepmother,stepmother,matrignafem,STEPMOTHER,matrigna,matrign,a,,I,fem,ANIM,+fem,538,507,446,400,
,WEDDING,WEDDING,matrimoniomasc,WEDDING,matrimonio,matrimoni,o,,II,masc,,,539,508,447,401,
,MORNINGA,MORNINGA,mattinafem,MORNINGA,mattina,mattin,a,e,I,fem,,,540,509,448,402,
,MORNINGB,MORNINGB,mattonemasc,MORNINGB,mattone,matton,e,i,III,masc,,,541,510,449,403,
,club,club,mazzafem,CLUB,mazza,mazz,a,,I,fem,,,542,511,450,404,
,medal,medal,medagliafem,MEDAL,medaglia,medagli,a,,I,fem,,,543,512,451,405,
,medicine,medicine,medicinafem,MEDICINE,medicina,medicin,a,,I,fem,,,544,513,452,406,
,APPLE,APPLE,melafem,APPLE,mela,mel,a,e,I,fem,,,545,514,453,407,
,MEMORY,MEMORY,memoriafem,MEMORY,memoria,memori,a,e,I,fem,,,546,515,454,408,
,MARKET,MARKETDIM,mercato-DIMmasc,MARKETDIM,mercato-DIM,mercatin,o,i,II,masc,,,547,516,455,409,
,MARKET,MARKET,mercatomasc,MARKET,mercato,mercat,o,,II,masc,,,548,517,456,410,
,message,message,messaggiomasc,MESSAGE,messaggio,messaggi,o,,II,masc,,,549,518,457,411,
,MONTH,MONTH,mesemasc,MONTH,mese,mes,e,i,III,masc,,,550,519,458,412,
,METER,METER,metromasc,METER,metro,metr,o,i,II,masc,,,551,520,459,413,
,HALF,HALF,mezzomasc,HALF,mezzo,mezz,o,i,II,masc,,,552,521,460,414,
,LITTLEFINGER,LITTLEFINGER,mignolomasc,LITTLEFINGER,mignolo,mignol,o,,II,masc,,,553,522,461,415,
,puff,puff,millefogliemasc,PUFF,millefoglie,millefogli,e,,III,masc,,,554,523,462,416,
,soup,soup,minestrafem,SOUP,minestra,minestr,a,,I,fem,,,555,524,463,417,
,blueberry,blueberry,mirtillomasc,BLUEBERRY,mirtillo,mirtill,o,,II,masc,,,556,525,464,418,
,modern,modern,,MODERN,moderno,modern,,,,,,,557,526,465,,
,WIFE,WIFE,mogliemasc,WIFE,moglie,mogli,e,,III,masc,ANIM,+fem,558,527,466,419,
,SPRINGMECHANISM,SPRINGMECHANISM,mollafem,SPRINGMECHANISM,molla,moll,a,e,I,fem,,,559,528,467,420,
,MOMENTA,MOMENTA,momentomasc,MOMENTA,momento,moment,o,i,II,masc,,,560,529,468,421,
,MOUNTAIN,MOUNTAIN,montagnafem,MOUNTAIN,montagna,montagn,a,e,I,fem,,,561,530,469,422,
,measles,measles,morbillomasc,MEASLES,morbillo,morbill,o,,II,masc,,,562,531,470,423,
,BITE,BITE,morsomasc,BITE,morso,mors,o,i,II,masc,,,563,532,471,424,
,mortal,mortal,,MORTAL,mortale,mortal,e,,,,,,564,533,472,,
,FLY,FLY,moscafem,FLY,mosca,mosch,a,e,I,fem,ANIM,,565,534,473,425,
,MOTORCYCLE,MOTORCYCLE,motociclettafem,MOTORCYCLE,motocicletta,motociclett,a,,I,fem,,,566,535,474,426,
,MOTO,MOTO,motofem,MOTO,moto,moto,-ø,-ø,VI,fem,,,567,536,475,427,t had masculine
,bunchB,bunchB,mucchiomasc,BUNCHB,mucchio,mucchi,o,,II,masc,,,568,537,476,428,MIGHT NEED TO HAND FIX
,MILKCOW,MILKCOW,muccafem,MILKCOW,mucca,mucch,a,e,I,fem,ANIM,+fem,569,538,477,429,
,MILKCOW,MILKCOW,muccafem,MILKCOW,mucca,mucc,a,e,I,fem,ANIM,+fem,570,539,478,430,
,miller,miller,mugnaiomasc,MILLER,mugnaio,mugnai,o,,II,masc,ANIM,-fem,571,540,479,431,
,WALL,WALL,muromasc,WALL,muro,mur,o,i,II,masc,,,572,541,480,432,mura ambi plural (walls of a city)
,MUSIC,MUSICDIM,musica-DIMfem,MUSICDIM,musica-DIM,musichett,a,e,I,fem,,,573,542,481,433,
,MUSIC,MUSIC,musicafem,MUSIC,musica,music,a,,I,fem,,,574,543,482,434,
,VEHICLENOSE,VEHICLENOSE,musomasc,VEHICLENOSE,muso,mus,o,,II,masc,,,575,544,483,435,
,SLEEPYTIME,SLEEPYTIME,nannafem,SLEEPYTIME,nanna,nann,a,e,I,fem,,,576,545,484,436,
,dwarf,dwarf,nanafem,DWARF,nana,nan,a,e,I,fem,ANIM,+fem,577,546,485,437,
,ribbon,ribbon,nastromasc,RIBBON,nastro,nastr,o,,II,masc,,,579,547,486,438,
,NOSE,NOSEDIMA,naso-DIMmasc,NOSEDIMA,naso-DIM,nasett,o,i,II,masc,,,580,548,487,439,
,NOSE,NOSEDIMB,naso-DIMmasc,NOSEDIMB,naso-DIM,nasin,o,i,II,masc,,,581,549,488,440,
,NOSE,NOSEAUG,naso-AUGmasc,NOSEAUG,naso-AUG,nason,e,i,III,masc,,,582,550,489,441,
,NOSE,NOSE,nasomasc,NOSE,naso,nas,o,,II,masc,,,583,551,490,442,
,SHIP,SHIP,navemasc,SHIP,nave,nav,e,i,III,masc,,,584,552,491,443,
,STORE,STORE,negoziomasc,STORE,negozio,negozi,o,,II,masc,,,585,553,492,444,
,BLACK,BLACK,,BLACK,nero,ner,,,,,,,587,554,493,,
,BLACK,BLACKAUG,,BLACKAUG,nero-AUG,nerissim,,,,,,,588,555,494,,
,SNOW,SNOW,nevemasc,SNOW,neve,nev,e,i,III,masc,,,589,556,495,445,
,nephew,nephewDIM,nipote-DIMfem,NEPHEWDIM,nipote-DIM,nipotin,a,e,I,fem,ANIM,+fem,590,557,496,446,
,knot,knotDIM,nodo-DIMmasc,KNOTDIM,nodo-DIM,nodin,o,i,II,masc,,,591,558,497,447,a chop of meat
,NAME,NAME,nomemasc,NAME,nome,nom,e,,III,masc,,,592,559,498,448,
,GRANDPARENT,GRANDPARENTDIM,nonna-DIMfem,GRANDPARENTDIM,nonna-DIM,nonnin,a,e,I,fem,ANIM,+fem,593,560,499,449,
,GRANDPARENT,GRANDPARENT,nonnafem,GRANDPARENT,nonna,nonn,a,,I,fem,ANIM,+fem,594,561,500,450,
,NORMAL,NORMAL,,NORMAL,normale,normal,e,,,,,,596,562,501,,
,NIGHT,NIGHT,nottemasc,NIGHT,notte,nott,e,,III,masc,,,597,563,502,451,
,bare,bare,,BARE,nudo,nud,,,,,,,598,564,503,,
,NUMBER,NUMBER,numeromasc,NUMBER,numero,numer,o,,II,masc,,,599,565,504,452,
,NEW,NEW,,NEW,nuovo,nuov,,,,,,,600,566,505,,
,oval,oval,,OVAL,ovale,oval,e,,,,,,625,590,506,,
,package,packageDIMDIM,pacco-DIM-DIMmasc,PACKAGEDIMDIM,pacco-DIM-DIM,pacchettin,o,i,II,masc,,,627,592,507,453,
,package,packageDIM,pacco-DIMmasc,PACKAGEDIM,pacco-DIM,pacchett,o,i,II,masc,,,628,593,508,454,
,PADRON,PADRON,padronafem,PADRON,padrona,padron,a,e,I,fem,ANIM,+fem,629,594,509,455,t:landlady
,VILLAGEB,VILLAGEB,paese-DIMmasc,VILLAGEB,paese-DIM,paesin,o,i,II,masc,,,631,595,510,456,
,COUNTRY,COUNTRY,paesemasc,COUNTRY,paese,paes,e,i,III,masc,,,632,596,511,457,
,PAGE,PAGE,paginafem,PAGE,pagina,pagin,a,e,I,fem,,,633,597,512,458,
,clown,clown,pagliacciomasc,CLOWN,pagliaccio,pagliacci,o,,II,masc,ANIM,-fem,634,598,513,459,
,PAIR,PAIR,paiomasc,PAIR,paio,pai,o,a,V,masc,,,635,599,514,460,ambigeneric
,GYM,GYM,palestrafem,GYM,palestra,palestr,a,e,I,fem,,,636,600,515,461,
,BASKETBALL,BASKETBALL,pallacanestromasc,BASKETBALL,pallacanestro,pallacanestro,-ø,-ø,VI,masc,,,637,601,516,462,
,balloon,balloonDIM,pallone-DIMmasc,BALLOONDIM,pallone-DIM,palloncin,o,i,II,masc,,,638,602,517,463,
,BALLOON,BALLOON,pallonemasc,BALLOON,pallone,pallon,e,i,III,masc,,,639,603,518,464,
,abacus,abacus,pallottolieremasc,ABACUS,pallottoliere,pallottolier,e,,III,masc,,,640,604,519,465,
,BALL,BALLDIM,palla-DIMfem,BALLDIM,palla-DIM,pallin,a,e,I,fem,,,641,605,520,466,
,BALL,BALL,pallafem,BALL,palla,pall,a,e,I,fem,,,642,606,521,467,
,shovel,shovelDIM,pala-DIMfem,SHOVELDIM,pala-DIM,palett,a,e,I,fem,,,643,607,522,468,
,BELLY,BELLY,pancionmasc,BELLY,pancion,pancion,e,i,III,masc,,,646,608,523,469,
,stomach,stomach,panciafem,STOMACH,pancia,panci,a,,I,fem,,,647,609,524,470,
,panda,panda,pandamasc,PANDA,panda,panda,-ø,-ø,VI,masc,ANIM,,648,610,525,471,
,NAPPY,NAPPY,pannolinomasc,NAPPY,pannolino,pannolin,o,i,II,masc,,,649,611,526,472,
,CREAM,CREAM,pannafem,CREAM,panna,pann,a,e,I,fem,,,650,612,527,473,
,panther,panther,panterafem,PANTHER,pantera,panter,a,,I,fem,ANIM,,651,613,528,474,
,slipperA,slipperADIM,pantofola-DIMfem,SLIPPERADIM,pantofola-DIM,pantofolin,a,e,I,fem,,,652,614,529,475,
,slipperA,slipperA,pantofolafem,SLIPPERA,pantofola,pantofol,a,e,I,fem,,,653,615,530,476,
,TUMMY,TUMMY,pancinomasc,TUMMY,pancino,pancin,o,i,II,masc,,,654,616,531,477,
,BREAD,BREAD,panemasc,BREAD,pane,pan,e,i,III,masc,,,655,617,532,478,
,gosling,goslingDIM,papere-DIMfem,GOSLINGDIM,papere-DIM,paperett,a,e,I,fem,ANIM,+fem,656,618,533,479,
,parrot,parrotDIM,pappagallo-DIMmasc,PARROTDIM,pappagallo-DIM,pappagallin,o,i,II,masc,ANIM,,657,619,534,480,
,parrot,parrot,pappagallomasc,PARROT,pappagallo,pappagall,o,,II,masc,ANIM,,658,620,535,481,
,BABYFOOD,BABYFOOD,pappafem,BABYFOOD,pappa,papp,a,,I,fem,,,659,621,536,482,
,PAPA,PAPA,papàmasc,PAPA,papà,papà,-ø,-ø,VI,masc,ANIM,-fem,660,622,537,483,
,POPE,POPE,papamasc,POPE,papa,pap,a,i,IV,masc,,,661,623,538,484,t had feminine
,WALLB,WALLB,paretemasc,WALLB,parete,paret,e,i,III,masc,,,662,624,539,485,
,WORD,WORD,parolafem,WORD,parola,parol,a,e,I,fem,,,663,625,540,486,
,SPORTSMATCH,SPORTSMATCH,partitafem,SPORTSMATCH,partita,partit,a,,I,fem,,,664,626,541,487,
,PART,PART,partemasc,PART,parte,part,e,i,III,masc,,,665,627,542,488,
,WALK,WALK,passeggiatafem,WALK,passeggiata,passeggiat,a,e,I,fem,,,666,628,543,489,
,sparrow,sparrowDIM,passero-DIMmasc,SPARROWDIM,passero-DIM,passerott,o,i,II,masc,ANIM,,667,629,544,490,
,PASTATYPE,PASTATYPE,pastasciuttafem,PASTATYPE,pastasciutta,pastasciutt,a,e,I,fem,,,668,630,545,491,
,YOUNGSHEPHERD,YOUNGSHEPHERD,pastorellomasc,YOUNGSHEPHERD,pastorello,pastorell,o,i,II,masc,ANIM,-fem,669,631,546,492,
,POTATO,POTATO,patatafem,POTATO,patata,patat,a,e,I,fem,,,671,632,547,493,
,skating,skating,pattinaggiomasc,SKATING,pattinaggio,pattinaggi,o,,II,masc,,,672,633,548,494,
,FLOOR,FLOOR,pavimentomasc,FLOOR,pavimento,paviment,o,i,II,masc,,,673,634,549,495,
,PATIENCE,PATIENCE,pazienzafem,PATIENCE,pazienza,pazienz,a,e,I,fem,,,674,635,550,496,
,SHEEP,SHEEPDIM,pecora-DIMfem,SHEEPDIM,pecora-DIM,pecorell,a,e,I,fem,ANIM,,675,636,551,497,
,SHEEP,SHEEP,pecorafem,SHEEP,pecora,pecor,a,e,I,fem,ANIM,,676,637,552,498,
,kickB,kickB,pedatafem,KICKB,pedata,pedat,a,,I,fem,,,677,638,553,499,
,fur,fur,pellicciafem,FUR,pelliccia,pellicci,a,,I,fem,,,678,639,554,500,
,kickC,kickC,pellemasc,KICKC,pelle,pell,e,i,III,masc,,,679,640,555,501,
,BODYHAIR,BODYHAIR,pelomasc,BODYHAIR,pelo,pel,o,i,II,masc,,,680,641,556,502,
,FELTTIPPEN,FELTTIPPEN,pennarellomasc,FELTTIPPEN,pennarello,pennarell,o,,II,masc,,,681,642,557,503,
,brush,brush,pennellomasc,BRUSH,pennello,pennell,o,,II,masc,,,682,643,558,504,
,feather,feather,pennafem,FEATHER,penna,penn,a,,I,fem,,,683,644,559,505,
,pot,pot,pentolafem,POT,pentola,pentol,a,,I,fem,,,684,645,560,506,
,PERFECT,PERFECT,,PERFECT,perfetto,perfett,,,,,,,685,646,561,,
,pearl,pearlDIM,perla-DIMfem,PEARLDIM,perla-DIM,perlin,a,e,I,fem,,,686,647,562,507,
,raspberryB,raspberryB,pernacchiafem,RASPBERRYB,pernacchia,pernacchi,a,,I,fem,,,687,648,563,508,
,PEAR,PEAR,perafem,PEAR,pera,per,a,,I,fem,,,688,649,564,509,
,FISHY,FISHY,pesciolinomasc,FISHY,pesciolino,pesciolin,o,,II,masc,,,689,650,565,510,
,FISH,FISH,pescemasc,FISH,pesce,pesc,e,,III,masc,,,690,651,566,511,i think edible always
,WEIGHT,WEIGHT,pesomasc,WEIGHT,peso,pes,o,i,II,masc,,,691,652,567,512,
,COMB,COMB,pettinemasc,COMB,pettine,pettin,e,i,III,masc,,,692,653,568,513,
,piece,pieceDIMDIM,pezzo-DIM-DIMmasc,PIECEDIMDIM,pezzo-DIM-DIM,pezzettin,o,i,II,masc,,,693,654,569,514,
,piece,pieceDIM,pezzo-DIMmasc,PIECEDIM,pezzo-DIM,pezzett,o,i,II,masc,,,694,655,570,515,
,piece,piece,pezzomasc,PIECE,pezzo,pezz,o,,II,masc,,,695,656,571,516,
,planet,planet,pianetamasc,PLANET,pianeta,pianet,a,i,IV,masc,,,696,657,572,517,
,PIANOFORTE,PIANOFORTE,pianofortemasc,PIANOFORTE,pianoforte,pianofort,e,,III,masc,,,697,658,573,518,
,PLANT,PLANTDIM,pianta-DIMfem,PLANTDIM,pianta-DIM,piantin,a,e,I,fem,,,698,659,574,519,
,PIANO,PIANO,pianomasc,PIANO,piano,pian,o,,II,masc,,,699,660,575,520,
,woodpecker,woodpecker,picchiomasc,WOODPECKER,picchio,picchi,o,,II,masc,ANIM,,700,661,576,521,
,LITTLEONE,LITTLEONEDIM,piccolo-DIMmasc,LITTLEONEDIM,piccolo-DIM,piccolett,o,i,II,masc,ANIM,-fem,702,663,578,522,
,LITTLEONE,LITTLEONE,piccolomasc,LITTLEONE,piccolo,piccol,o,,II,masc,ANIM,-fem,703,664,579,523,
,SMALL,SMALLDIM,,SMALLDIM,piccolo-DIM,piccolin,,,,,,,704,665,580,,
,FOOT,FOOTAUGA,piede-AUGmasc,FOOTAUGA,piede-AUG,piedon,e,i,III,masc,,,705,666,581,524,
,FOOT,FOOTAUGB,piedemasc,FOOTAUGB,piede,piedacci,o,,II,masc,,,706,667,582,525,
,FOOT,FOOTDIM,piede-DIMmasc,FOOTDIM,piede-DIM,piedin,o,i,II,masc,,,707,668,583,526,
,FOOT,FOOT,piedemasc,FOOT,piede,pied,e,i,III,masc,,,708,669,584,527,
,fold,fold,piegafem,FOLD,piega,piegh,a,,I,fem,,,709,670,585,528,
,fold,fold,piegafem,FOLD,piega,pieg,a,,I,fem,,,710,671,586,529,
,FULL,FULL,,FULL,pieno,pien,,,,,,,711,672,587,,
,STONEA,STONEA,pietrafem,STONEA,pietra,pietr,a,e,I,fem,,,712,673,588,530,
,pipe,pipe,pifferomasc,PIPE,piffero,piffer,o,,II,masc,,,713,674,589,531,
,pyjamas,pyjamasDIM,pigiama-DIMmasc,PYJAMASDIM,pigiama-DIM,pigiamin,o,i,II,masc,,,714,675,590,532,
,pyjamas,pyjamas,pigiamamasc,PYJAMAS,pigiama,pigiam,a,i,IV,masc,,,715,676,591,533,
,battery,battery,pilafem,BATTERY,pila,pil,a,,I,fem,,,716,677,592,534,
,PENGUIN,PENGUIN,pinguinomasc,PENGUIN,pinguino,pinguin,o,i,II,masc,ANIM,,717,678,593,535,
,fin,fin,pinnafem,FIN,pinna,pinn,a,,I,fem,,,718,679,594,536,
,rain,rain,pioggiafem,RAIN,pioggia,pioggi,a,,I,fem,,,719,680,595,537,
,rain,rainDIM,pioggia-DIMfem,RAINDIM,pioggia-DIM,pioggerell,a,e,I,fem,,,720,681,596,538,
,bat,bat,pipistrellomasc,BAT,pipistrello,pipistrell,o,,II,masc,ANIM,,721,682,597,539,
,peepee,peepee,pipìfem,PEEPEE,pipì,pipì,-ø,-ø,VI,fem,,,722,683,598,540,t had masculine
,pyramid,pyramid,piramidefem,PYRAMID,piramide,piramid,e,i,III,fem,,,723,684,599,541,
,swimmingpool,swimmingpoolDIM,piscina-DIMfem,SWIMMINGPOOLDIM,piscina-DIM,piscinett,a,e,I,fem,,,724,685,600,542,
,swimmingpool,swimmingpool,piscinafem,SWIMMINGPOOL,piscina,piscin,a,,I,fem,,,725,686,601,543,
,pistol,pistol,pistolafem,PISTOL,pistola,pistol,a,,I,fem,,,726,687,602,544,
,trail,trail,pistafem,TRAIL,pista,pist,a,e,I,fem,,,727,688,603,545,
,more,more,,MORE,più,più,ø,ø,,,,,728,689,604,,
,pinch,pinch,pizzicottomasc,PINCH,pizzicotto,pizzicott,o,,II,masc,,,729,690,605,546,
,plural,plural,pluralemasc,PLURAL,plurale,plural,e,,III,masc,,,730,691,606,547,
,LITTLEBIT,LITTLEBIT,pochinomasc,LITTLEBIT,pochino,pochin,o,,II,masc,,,731,692,607,548,"little, changed to little bit"
,buzzard,buzzard,poianafem,BUZZARD,poiana,poian,a,e,I,fem,ANIM,,732,693,608,549,
,poliomyelitis,poliomyelitis,poliomelitefem,POLIOMYELITIS,poliomelite,poliomelite,-ø,,VI,fem,,,733,694,609,550,
,POLICE,POLICE,poliziafem,POLICE,polizia,polizi,a,,I,fem,ANIM,,734,695,610,551,"group, i think, so not giving a gender"
,CHICKENMEAT,CHICKENMEAT,pollomasc,CHICKENMEAT,pollo,poll,o,i,II,masc,,,735,696,611,552,
,wrist,wrist,polsomasc,WRIST,polso,pols,o,,II,masc,,,736,697,612,553,
,salve,salveDIM,pomata-DIMfem,SALVEDIM,pomata-DIM,pomatin,a,e,I,fem,,,737,698,613,554,
,salve,salve,pomatafem,SALVE,pomata,pomat,a,,I,fem,,,738,699,614,555,
,AFTERNOON,AFTERNOON,pomeriggiomasc,AFTERNOON,pomeriggio,pomeriggi,o,,II,masc,,,739,700,615,556,
,TOMATO,TOMATO,pomodoromasc,TOMATO,pomodoro,pomodor,o,,II,masc,,,740,701,616,557,
,PUMP,PUMPDIM,pompa-DIMfem,PUMPDIM,pompa-DIM,pompett,a,e,I,fem,,,741,702,617,558,
,PUMP,PUMP,pompafem,PUMP,pompa,pomp,a,e,I,fem,,,742,703,618,559,
,PIGLET,PIGLETDIM,porcello-DIMmasc,PIGLETDIM,porcello-DIM,porcellin,o,i,II,masc,ANIM,,743,704,619,560,
,TAPEHOLDER,TAPEHOLDER,portacassettamasc,TAPEHOLDER,portacassetta,portacassetta,-ø,-ø,VI,masc,,,744,705,620,561,
,GATE,GATE,portafem,GATE,porta,port,a,e,I,fem,,,747,706,621,562,
,position,position,posizionefem,POSITION,posizione,posizion,e,i,III,fem,,,748,707,622,563,
,back,back,,BACK,posteriore,posterior,e,,,,,,749,708,623,,
,PLACE,PLACE,postomasc,PLACE,posto,post,o,i,II,masc,,,750,709,624,564,
,POORONE,POORONEDIM,povero-DIMmasc,POORONEDIM,povero-DIM,poverin,o,i,II,masc,ANIM,-fem,751,710,625,565,
,POOR,POORDIM,,POORDIM,povero-DIM,poverin,,,,,,,752,711,626,,
,POOR,POOR,,POOR,povero,pover,,,,,,,753,712,627,,
,LAWN,LAWN,pratomasc,LAWN,prato,prat,o,i,II,masc,,,754,713,628,566,
,precedence,precedence,precedenzafem,PRECEDENCE,precedenza,precedenz,a,,I,fem,,,755,714,629,567,
,preference,preference,preferenzafem,PREFERENCE,preferenza,preferenz,a,,I,fem,,,756,715,630,568,
,PRIZE,PRIZE,premiomasc,PRIZE,premio,premi,o,,II,masc,,,757,716,631,569,
,PRECIOUS,PRECIOUS,,PRECIOUS,prezioso,prezios,,,,,,,759,717,632,,
,SPRING,SPRING,primaverafem,SPRING,primavera,primaver,a,,I,fem,,,760,718,633,570,
,princess,princess,principessafem,PRINCESS,principessa,principess,a,,I,fem,ANIM,+fem,761,719,634,571,
,prince,prince,principemasc,PRINCE,principe,princip,e,,III,masc,ANIM,-fem,762,720,635,572,
,problem,problem,problemamasc,PROBLEM,problema,problem,a,i,IV,masc,,,763,721,636,573,
,PROBOSCIS,PROBOSCIS,proboscidemasc,PROBOSCIS,proboscide,proboscid,e,i,III,masc,,,764,722,637,574,
,profile,profile,profilomasc,PROFILE,profilo,profil,o,,II,masc,,,765,723,638,575,
,ham,ham,prosciuttomasc,HAM,prosciutto,prosciutt,o,,II,masc,,,766,724,639,576,
,NEAR,NEAR,,NEAR,prossimo,prossim,,,,,,,767,725,640,,
,TRIAL,TRIAL,provafem,TRIAL,prova,prov,a,e,I,fem,,,768,726,641,577,
,publicity,publicity,pubblicitàfem,PUBLICITY,pubblicità,pubblicità,-ø,-ø,VI,fem,,,769,727,642,578,
,blu,blu,puffomasc,BLU,puffo,puff,o,,II,masc,,,770,728,643,579,
,PUNCH,PUNCH,pugnomasc,PUNCH,pugno,pugn,o,,II,masc,,,771,729,644,580,archaic ambigeneric
,CHICK,CHICK,pulcinomasc,CHICK,pulcino,pulcin,o,i,II,masc,ANIM,,772,730,645,581,
,colt,colt,puledromasc,COLT,puledro,puledr,o,,II,masc,ANIM,,773,731,646,582,
,CLEAN,CLEAN,,CLEAN,pulito,pulit,,,,,,,774,732,647,,
,point,pointDIM,punto-DIMmasc,POINTDIM,punto-DIM,puntin,o,i,II,masc,,,775,733,648,583,
,point,point,puntafem,POINT,punta,punt,a,,I,fem,,,776,734,649,584,
,pupil,pupil,pupillafem,PUPIL,pupilla,pupill,a,e,I,fem,,,777,735,650,585,part of the eye
,jigsaw,jigsaw,puzzlemasc,JIGSAW,puzzle,puzzl,e,,III,masc,,,778,736,651,586,
,polecat,polecatDIM,puzzola-DIMfem,POLECATDIM,puzzola-DIM,puzzolin,a,e,I,fem,ANIM,,779,737,652,587,
,polecat,polecat,puzzolafem,POLECAT,puzzola,puzzol,a,,I,fem,ANIM,,780,738,653,588,
,copybook,copybook,quadernomasc,COPYBOOK,quaderno,quadern,o,,II,masc,,,781,739,654,589,
,clover,clover,quadrifogliomasc,CLOVER,quadrifoglio,quadrifogli,o,,II,masc,,,782,740,655,590,
,PICTURE,PICTUREDIM,quadro-DIMmasc,PICTUREDIM,quadro-DIM,quadrett,o,i,II,masc,,,783,741,656,591,
,racket,racket,racchettafem,RACKET,racchetta,racchett,a,,I,fem,,,784,742,657,592,
,COMMONCOLD,COMMONCOLD,raffreddoremasc,COMMONCOLD,raffreddore,raffreddor,e,i,III,masc,,,785,743,658,593,
,CHILD,CHILDDIM,ragazzo-DIMfem,CHILDDIM,ragazzo-DIM,ragazzin,a,e,I,fem,ANIM,+fem,786,744,659,594,
,CHILD,CHILD,ragazzomasc,CHILD,ragazzo,ragazz,o,,II,masc,ANIM,-fem,787,745,660,595,
,SPIDER,SPIDERDIM,ragno-DIMmasc,SPIDERDIM,ragno-DIM,ragnett,o,i,II,masc,ANIM,,789,746,661,596,
,SPIDER,SPIDER,ragnomasc,SPIDER,ragno,ragn,o,,II,masc,ANIM,,790,747,662,597,
,FROG,FROG,ranafem,FROG,rana,ran,a,,I,fem,ANIM,,791,748,663,598,
,rake,rake,rastrellomasc,RAKE,rastrello,rastrell,o,,II,masc,,,792,749,664,599,
,ENCLOSURE,ENCLOSURE,recintomasc,ENCLOSURE,recinto,recint,o,,II,masc,,,793,750,665,600,
,GIFT,GIFT,regalomasc,GIFT,regalo,regal,o,,II,masc,,,794,751,666,601,
,queen,queen,reginafem,QUEEN,regina,regin,a,,I,fem,ANIM,+fem,795,752,667,602,
,TAPERECORDER,TAPERECORDER,registratoremasc,TAPERECORDER,registratore,registrator,e,,III,masc,,,796,753,668,603,
,reindeer,reindeer,rennafem,REINDEER,renna,renn,a,,I,fem,ANIM,,797,754,669,604,
,NETTING,NETTINGDIM,rete-DIMfem,NETTINGDIM,rete-DIM,retin,a,e,I,fem,,,798,755,670,605,
,king,king,remasc,KING,re,re,-ø,-ø,VI,masc,ANIM,-fem,799,756,671,606,
,ruler,ruler,righellomasc,RULER,righello,righell,o,,II,masc,,,803,757,672,607,
,lineB,lineBDIM,riga-DIMfem,LINEBDIM,riga-DIM,righett,a,e,I,fem,,,804,758,673,608,
,lineB,lineB,rigafem,LINEB,riga,righ,a,,I,fem,,,805,759,674,609,
,RUNUP,RUNUP,rincorsafem,RUNUP,rincorsa,rincors,a,,I,fem,,,806,760,675,610,
,rhinoceros,rhinoceros,rinocerontemasc,RHINOCEROS,rinoceronte,rinoceront,e,,III,masc,ANIM,,807,761,676,611,
,heating,heating,riscaldamentomasc,HEATING,riscaldamento,riscaldament,o,,II,masc,,,808,762,677,612,
,REPLY,REPLY,rispostafem,REPLY,risposta,rispost,a,e,I,fem,,,809,763,678,613,
,STUFF,STUFF,robafem,STUFF,roba,rob,a,e,I,fem,,,810,764,679,614,
,swallow,swallow,rondinefem,SWALLOW,rondine,rondin,e,i,III,fem,ANIM,,811,765,680,615,bird
,toad,toad,rospomasc,TOAD,rospo,rosp,o,,II,masc,ANIM,,812,766,681,616,
,ROSE,ROSE,rosafem,ROSE,rosa,ros,a,e,I,fem,,,813,767,682,617,
,rose,rose,,ROSE,roso,ros,,,,,,,814,768,683,,
,red,red,,RED,rosso,ross,,,,,,,815,769,684,,
,ROUND,ROUND,,ROUND,rotondo,rotond,,,,,,,816,770,685,,
,BROKEN,BROKEN,,BROKEN,rotto,rott,,,,,,,817,771,686,,
,NOISE,NOISE,rumoremasc,NOISE,rumore,rumor,e,i,III,masc,,,818,772,687,618,
,WHEELB,WHEELB,ruotafem,WHEELB,ruota,ruot,a,,I,fem,,,819,773,688,619,
,stream,stream,ruscellomasc,STREAM,ruscello,ruscell,o,,II,masc,,,820,774,689,620,
,SATURDAY,SATURDAY,sabatomasc,SATURDAY,sabato,sabat,o,i,II,masc,,,821,775,690,621,
,SAND,SAND,sabbiafem,SAND,sabbia,sabbi,a,e,I,fem,,,822,776,691,622,
,SACK,SACKDIMDIM,sacco-DIM-DIMmasc,SACKDIMDIM,sacco-DIM-DIM,sacchettin,o,i,II,masc,,,823,777,692,623,
,SACK,SACKDIM,sacco-DIMmasc,SACKDIM,sacco-DIM,sacchett,o,i,II,masc,,,824,778,693,624,
,LIFESAVER,LIFESAVER,salvagentemasc,LIFESAVER,salvagente,salvagent,e,i,III,masc,,,825,779,694,625,
,JUMP,JUMP,saltomasc,JUMP,salto,salt,o,i,II,masc,,,826,780,695,626,
,jumping,jumping,,JUMPING,salterino,salterin,,,,,,,827,781,696,,
,STONEB,STONEB,sassomasc,STONEB,sasso,sass,o,i,II,masc,,,828,782,697,627,
,past,past,,PAST,scorso,scors,,,,,,,854,808,698,,
,dark,dark,,DARK,scuro,scur,,,,,,,857,811,699,,
,BUCKET,BUCKET,secchiellomasc,BUCKET,secchiello,secchiell,o,,II,masc,,,858,812,700,628,
,celery,celery,sedanomasc,CELERY,sedano,sedan,o,,II,masc,,,859,813,701,629,
,CHAIR,CHAIR,sediafem,CHAIR,sedia,sedi,a,,I,fem,,,860,814,702,630,
,saw,saw,segafem,SAW,sega,seg,a,,I,fem,,,863,815,703,631,
,saddle,saddle,sellafem,SADDLE,sella,sell,a,,I,fem,,,864,816,704,632,
,semicircle,semicircle,semicerchiomasc,SEMICIRCLE,semicerchio,semicerchi,o,,II,masc,,,865,817,705,633,
,seed,seedDIM,seme-DIMmasc,SEEDDIM,seme-DIM,semin,o,i,II,masc,,,866,818,706,634,
,seed,seed,sememasc,SEED,seme,sem,e,,III,masc,,,867,819,707,635,
,sequence,sequence,sequenzafem,SEQUENCE,sequenza,sequenz,a,,I,fem,,,868,820,708,636,
,sergeant,sergeant,sergentemasc,SERGEANT,sergente,sergent,e,i,III,masc,ANIM,-fem,869,821,709,637,
,EVENING,EVENING,serafem,EVENING,sera,ser,a,e,I,fem,,,870,822,710,638,
,SERIOUS,SERIOUS,,SERIOUS,serio,seri,,,,,,,871,823,711,,
,WEEK,WEEK,settimanafem,WEEK,settimana,settiman,a,e,I,fem,,,872,824,712,639,
,SIGNOR,SIGNOR,signoremasc,SIGNOR,signore,signor,e,,III,masc,ANIM,-fem,874,826,713,640,t: sir
,hiccup,hiccup,singhiozzomasc,HICCUP,singhiozzo,singhiozz,o,,II,masc,,,876,827,714,641,
,siren,siren,sirenafem,SIREN,sirena,siren,a,,I,fem,,,877,828,715,642,
,forgetful,forgetful,,FORGETFUL,smemorato,smemorat,,,,,,,878,829,716,,
,dandelion,dandelion,soffionemasc,DANDELION,soffione,soffion,e,,III,masc,,,879,830,717,643,
,SOJOURN,SOJOURN,soggiornomasc,SOJOURN,soggiorno,soggiorn,o,i,II,masc,,,880,831,718,644,
,soldier,soldierDIM,soldato-DIMmasc,SOLDIERDIM,soldato-DIM,soldatin,o,i,II,masc,ANIM,-fem,881,832,719,645,
,soldier,soldier,soldatomasc,SOLDIER,soldato,soldat,o,i,II,masc,ANIM,-fem,882,833,720,646,
,CENT,CENTDIM,soldo-DIMmasc,CENTDIM,soldo-DIM,soldin,o,i,II,masc,,,883,834,721,647,
,CENT,CENT,soldomasc,CENT,soldo,sold,o,i,II,masc,,,884,835,722,648,
,tickle,tickle,solleticomasc,TICKLE,solletico,solletic,o,,II,masc,,,885,836,723,649,
,SUN,SUN,solemasc,SUN,sole,sol,e,i,III,masc,,,886,837,724,650,
,LONE,LONE,,LONE,solo,sol,,,,,,,887,838,725,,
,SISTER,SISTERDIM,sorella-DIMfem,SISTERDIM,sorella-DIM,sorellin,a,e,I,fem,ANIM,+fem,888,839,726,651,
,subway,subway,sottopassaggiomasc,SUBWAY,sottopassaggio,sottopassaggi,o,,II,masc,,,889,840,727,652,
,WIDEOPEN,WIDEOPEN,,WIDEOPEN,spalancato,spalancat,,,,,,,894,844,728,,
,special,special,,SPECIAL,speciale,special,e,,,,,,898,848,729,,
,SPORTY,SPORTY,,SPORTY,sportivo,sportiv,,,,,,,904,854,730,,
,STRANGE,STRANGE,,STRANGE,strano,stran,,,,,,,911,861,731,,
,JUICE,JUICE,succomasc,JUICE,succo,succ,o,,II,masc,,,915,865,732,653,
,sweat,sweat,sudoremasc,SWEAT,sudore,sudor,e,,III,masc,,,916,866,733,654,
,SUGGESTION,SUGGESTION,suggerimentomasc,SUGGESTION,suggerimento,suggeriment,o,,II,masc,,,917,867,734,655,
,turkey,turkey,tacchinomasc,TURKEY,tacchino,tacchin,o,,II,masc,ANIM,,918,868,735,656,
,mole,moleDIM,talpa-DIMfem,MOLEDIM,talpa-DIM,talpin,a,e,I,fem,ANIM,,919,869,736,657,
,mole,mole,talpafem,MOLE,talpa,talp,a,,I,fem,ANIM,,920,870,737,658,
,TAMBOURINE,TAMBOURINEDIM,tamburo-DIMmasc,TAMBOURINEDIM,tamburo-DIM,tamburell,o,i,II,masc,,,921,871,738,659,drum.DIM
,drumB,drumB,tamburomasc,DRUMB,tamburo,tambur,o,i,II,masc,,,922,872,739,660,
,MAT,MATDIM,tappeto-DIMmasc,MATDIM,tappeto-DIM,tappetin,o,i,II,masc,,,923,873,740,661,
,MAT,MAT,tappetomasc,MAT,tappeto,tappet,o,i,II,masc,,,924,874,741,662,
,CAPA,CAPA,tappomasc,CAPA,tappo,tapp,o,,II,masc,,,925,875,742,663,
,TURTLE,TURTLEDIM,tartaruga-DIMfem,TURTLEDIM,tartaruga-DIM,tartarughin,a,e,I,fem,ANIM,,926,876,743,664,
,TURTLE,TURTLE,tartarugafem,TURTLE,tartaruga,tartarug,a,,I,fem,ANIM,,927,877,744,665,
,pocket,pocket,tascafem,POCKET,tasca,tasc,a,,I,fem,,,928,878,745,666,
,keyB,keyB,tastomasc,KEYB,tasto,tast,o,,II,masc,,,929,879,746,667,
,tea,tea,tèmasc,TEA,tè,tè,-ø,-ø,VI,masc,,,932,880,747,668,
,REMOTECONTROL,REMOTECONTROL,telecomandomasc,REMOTECONTROL,telecomando,telecomand,o,i,II,masc,,,933,881,748,669,
,TELEPHONE,TELEPHONE,telefonomasc,TELEPHONE,telefono,telefon,o,,II,masc,,,934,882,749,670,
,TELEVISION,TELEVISION,televisionefem,TELEVISION,televisione,television,e,i,III,fem,,,935,883,750,671,
,PENCILSHARPENER,PENCILSHARPENER,temperamatitemasc,PENCILSHARPENER,temperamatite,temperamatit,e,,III,masc,,,936,884,751,672,
,storm,storm,tempestafem,STORM,tempesta,tempest,a,,I,fem,,,937,885,752,673,
,THUNDERSTORM,THUNDERSTORM,temporalemasc,THUNDERSTORM,temporale,temporal,e,,III,masc,,,938,886,753,674,
,tennis,tennis,tennismasc,TENNIS,tennis,tennis,-ø,-ø,VI,masc,,,939,887,754,675,
,radiator,radiator,termosifonemasc,RADIATOR,termosifone,termosifon,e,,III,masc,,,940,888,755,676,
,ground,ground,terrenomasc,GROUND,terreno,terren,o,,II,masc,,,941,889,756,677,
,skull,skull,teschiomasc,SKULL,teschio,teschi,o,,II,masc,,,942,890,757,678,
,HEAD,HEADAUG,testa-AUGfem,HEADAUG,testa-AUG,teston,e,i,III,fem,,,943,891,758,679,
,HEAD,HEAD,testafem,HEAD,testa,test,a,,I,fem,,,944,892,759,680,
,tetanus,tetanus,tetanomasc,TETANUS,tetano,tetan,o,,II,masc,,,945,893,760,681,
,roof,roof,tettomasc,ROOF,tetto,tett,o,,II,masc,,,946,894,761,682,
,TIGER,TIGER,tigremasc,TIGER,tigre,tigr,e,i,III,masc,ANIM,,947,895,762,683,
,TYPE,TYPE,tipomasc,TYPE,tipo,tip,o,,II,masc,,,948,896,763,684,
,tvB,tvB,tivùmasc,TVB,tivù,tivù,-ø,-ø,VI,masc,,,949,897,764,685,
,CIRCULAR,CIRCULAR,,CIRCULAR,tondo,tond,,,,,,,950,898,765,,
,mouse,mouseDIM,topo-DIMmasc,MOUSEDIM,topo-DIM,topolin,o,i,II,masc,ANIM,,951,899,766,686,
,mouse,mouse,topomasc,MOUSE,topo,top,o,,II,masc,ANIM,,952,900,767,687,
,bull,bullAUG,toro-AUGmasc,BULLAUG,toro-AUG,toron,e,i,III,masc,ANIM,-fem,953,901,768,688,
,bull,bull,toromasc,BULL,toro,tor,o,,II,masc,ANIM,-fem,954,902,769,689,
,TOWER,TOWER,torrefem,TOWER,torre,torr,e,i,III,fem,,,955,903,770,690,t had masculine
,CAKE,CAKE,tortafem,CAKE,torta,tort,a,e,I,fem,,,956,904,771,691,
,turtledove,turtledove,tortorafem,TURTLEDOVE,tortora,tortor,a,,I,fem,ANIM,,957,905,772,692,
,cough,cough,tossefem,COUGH,tosse,toss,e,i,III,fem,,,958,906,773,693,
,SUNSET,SUNSET,tramontomasc,SUNSET,tramonto,tramont,o,,II,masc,,,959,907,774,694,
,TRAP,TRAP,trappolafem,TRAP,trappola,trappol,a,,I,fem,,,960,908,775,695,
,tractor,tractor,trattoremasc,TRACTOR,trattore,trattor,e,,III,masc,,,961,909,776,696,
,FINEBRAID,FINEBRAID,treccinafem,FINEBRAID,treccina,treccin,a,,I,fem,,,962,910,777,697,
,TRAIN,TRAINDIM,treno-DIMmasc,TRAINDIM,treno-DIM,trenin,o,i,II,masc,,,963,911,778,698,
,TRAIN,TRAIN,trenomasc,TRAIN,treno,tren,o,,II,masc,,,964,912,779,699,
,triangle,triangle,triangolomasc,TRIANGLE,triangolo,triangol,o,,II,masc,,,965,913,780,700,
,TRICYCLE,TRICYCLE,triciclomasc,TRICYCLE,triciclo,tricicl,o,i,II,masc,,,966,914,781,701,
,SAD,SAD,,SAD,triste,trist,e,,,,,,967,915,782,,
,trumpet,trumpet,trombafem,TRUMPET,tromba,tromb,a,,I,fem,,,968,916,783,702,
,trunk,trunk,troncomasc,TRUNK,tronco,tronc,o,,II,masc,,,969,917,784,703,
,throne,throne,tronomasc,THRONE,trono,tron,o,,II,masc,,,970,918,785,704,
,SPIN,SPIN,trottolinafem,SPIN,trottolina,trottolin,a,e,I,fem,,,971,919,786,705,trottola-DIM
,SPINNINGTOP,SPINNINGTOP,trottolafem,SPINNINGTOP,trottola,trottol,a,,I,fem,,,972,920,787,706,
,TUBE,TUBE,tubomasc,TUBE,tubo,tub,o,,II,masc,,,973,921,788,707,
,dive,dive,tuffomasc,DIVE,tuffo,tuff,o,,II,masc,,,974,922,789,708,
,JUMPSUIT,JUMPSUIT,tutafem,JUMPSUIT,tuta,tut,a,e,I,fem,,,975,923,790,709,
,TVA,TVA,tvfem,TVA,tv,tv,-ø,-ø,VI,fem,,,976,924,791,710,
,SINGLE,SINGLE,,SINGLE,unico,unic,,,,,,,982,930,792,,
,vaccination,vaccination,vaccinazionefem,VACCINATION,vaccinazione,vaccinazion,e,i,III,fem,,,991,939,793,711,
,SUITCASE,SUITCASE,valigiafem,SUITCASE,valigia,valigi,a,e,I,fem,,,992,940,794,712,
,waltz,waltz,valzermasc,WALTZ,valzer,valzer,-ø,-ø,VI,masc,,,993,941,795,713,
,BASIN,BASIN,vascafem,BASIN,vasca,vasc,a,,I,fem,,,994,942,796,714,
,JAR,JARDIM,vaso-DIMmasc,JARDIM,vaso-DIM,vasin,o,i,II,masc,,,995,943,797,715,
,JAR,JAR,vasomasc,JAR,vaso,vas,o,,II,masc,,,996,944,798,716,
,VEIL,VEIL,velomasc,VEIL,velo,vel,o,,II,masc,,,997,945,799,717,
,WIND,WIND,ventomasc,WIND,vento,vent,o,i,II,masc,,,998,946,800,718,
,GREEN,GREEN,,GREEN,verde,verd,e,,,,,,999,947,801,,
,TRUTH,TRUTH,veritàfem,TRUTH,verità,verità,-ø,-ø,VI,fem,,,1000,948,802,719,
,WORM,WORMDIM,verme-DIMmasc,WORMDIM,verme-DIM,vermett,o,i,II,masc,ANIM,,1001,949,803,720,
,WORM,WORM,vermemasc,WORM,verme,verm,e,,III,masc,ANIM,,1002,950,804,721,
,REAL,REAL,,REAL,vero,ver,,,,,,,1003,951,805,,
,VERSE,VERSE,versomasc,VERSE,verso,vers,o,i,II,masc,,,1004,952,806,722,
,wasp,wasp,vespafem,WASP,vespa,vesp,a,,I,fem,ANIM,,1005,953,807,723,
,GLASS,GLASS,vetromasc,GLASS,vetro,vetr,o,,II,masc,,,1006,954,808,724,
,trip,trip,viaggiomasc,TRIP,viaggio,viaggi,o,,II,masc,,,1007,955,809,725,
,neighbor,neighbor,vicinafem,NEIGHBOR,vicina,vicin,a,e,I,fem,ANIM,+fem,1008,956,810,726,
,VIDEOCAMERA,VIDEOCAMERA,videocamerafem,VIDEOCAMERA,videocamera,videocamer,a,,I,fem,,,1009,957,811,727,
,WARDEN,WARDEN,vigilemasc,WARDEN,vigile,vigil,e,i,III,masc,ANIM,-fem,1010,958,812,728,
,villageA,villageA,villaggiomasc,VILLAGEA,villaggio,villaggi,o,,II,masc,,,1011,959,813,729,
,wine,wine,vinomasc,WINE,vino,vin,o,,II,masc,,,1012,960,814,730,
,violet,violet,,VIOLET,viola,viola,,,,,,,1013,961,815,,
,STREET,STREET,viafem,STREET,via,vi,a,,I,fem,,,1016,962,816,731,
,VOICE,VOICE,vocefem,VOICE,voce,voc,e,i,III,fem,,,1017,963,817,732,
,wheelA,wheelA,volantemasc,WHEELA,volante,volant,e,,III,masc,,,1018,964,818,733,
,fox,fox,volpefem,FOX,volpe,volp,e,i,III,fem,ANIM,,1019,965,819,734,
,INSTANCE,INSTANCE,voltafem,INSTANCE,volta,volt,a,e,I,fem,,,1020,966,820,735,
,frankfurterA,frankfurterA,wurstelmasc,FRANKFURTERA,wurstel,wurstel,-ø,-ø,VI,masc,,,1021,967,821,736,
,frankfurterB,frankfurterB,wurstelmasc,FRANKFURTERB,wurstel,guttel,-ø,-ø,VI,masc,,,1022,968,822,737,
,backpack,backpack,zainomasc,BACKPACK,zaino,zain,o,,II,masc,,,1023,969,823,738,
,PAW,PAWDIM,zampa-DIMfem,PAWDIM,zampa-DIM,zampett,a,e,I,fem,,,1024,970,824,739,zampetto is animal leg cooked as food
,PAW,PAW,zampafem,PAW,zampa,zamp,a,,I,fem,,,1025,971,825,740,
,tusk,tusk,zannafem,TUSK,zanna,zann,a,,I,fem,,,1026,972,826,741,
,MOSQUITO,MOSQUITO,zanzarafem,MOSQUITO,zanzara,zanzar,a,,I,fem,ANIM,,1027,973,827,742,
,PIBLING,PIBLING,ziomasc,PIBLING,zio,zi,o,,II,masc,ANIM,-fem,1028,974,828,743,changed from uncle to PIBLING..
,hoof,hoof,zoccolomasc,HOOF,zoccolo,zoccol,o,,II,masc,,,1030,975,829,744,
,zoo,zoo,zoomasc,ZOO,zoo,zo,o,,II,masc,,,1031,976,830,745,
,pumpkin,pumpkin,zuccafem,PUMPKIN,zucca,zucch,a,,I,fem,,,1032,977,831,746,
,pumpkin,pumpkin,zuccafem,PUMPKIN,zucca,zucc,a,,I,fem,,,1033,978,832,747,
,flageolet,flageolet,zufolomasc,FLAGEOLET,zufolo,zufol,o,,II,masc,,,1034,979,833,748,